window,K,representation,domain,mode,index,singular_value,normalized_singular_value,cumulative_energy,effective_rank,rank_90,rank_95,rank_99
K3_T1-3,3,eulerian,A_common_dense,x,1,319.1613495228277,1.0,0.9241696052248276,1.3381531626484364,1,2,2
K3_T1-3,3,eulerian,A_common_dense,x,2,88.39418522957828,0.2769576747364141,0.9950585464096415,1.3381531626484364,1,2,2
K3_T1-3,3,eulerian,A_common_dense,x,3,18.658299196173445,0.058460396987508434,0.9982170051022393,1.3381531626484364,1,2,2
K3_T1-3,3,eulerian,A_common_dense,x,4,12.36959270656672,0.03875654970459384,0.9996051726751682,1.3381531626484364,1,2,2
K3_T1-3,3,eulerian,A_common_dense,x,5,5.525531378833355,0.017312658274864657,0.9998821723087913,1.3381531626484364,1,2,2
K3_T1-3,3,eulerian,A_common_dense,x,6,2.7114390288237704,0.008495511855923637,0.999948873068677,1.3381531626484364,1,2,2
K3_T1-3,3,eulerian,A_common_dense,x,7,1.902633876907976,0.005961354279747749,0.9999817159723043,1.3381531626484364,1,2,2
K3_T1-3,3,eulerian,A_common_dense,x,8,1.0034280082069782,0.003143952141157396,0.9999908508667571,1.3381531626484364,1,2,2
K3_T1-3,3,eulerian,A_common_dense,x,9,0.6848727150493337,0.002145851043910155,0.9999951063690076,1.3381531626484364,1,2,2
K3_T1-3,3,eulerian,A_common_dense,x,10,0.508604703383391,0.0015935660885749374,0.9999974532541719,1.3381531626484364,1,2,2
K3_T1-3,3,eulerian,A_common_dense,x,11,0.3720360939675017,0.0011656677555842085,0.9999987089985647,1.3381531626484364,1,2,2
K3_T1-3,3,eulerian,A_common_dense,x,12,0.2714591386657059,0.0008505388859633521,0.9999993775580103,1.3381531626484364,1,2,2
K3_T1-3,3,eulerian,A_common_dense,x,13,0.26192918612557425,0.0008206795293890685,1.0000000000000002,1.3381531626484364,1,2,2
K3_T1-3,3,eulerian,A_common_dense,y,1,325.6668786010489,1.0,0.9622286390410751,1.1967440573787935,1,1,2
K3_T1-3,3,eulerian,A_common_dense,y,2,58.29701495620064,0.1790081177632317,0.9930622033176466,1.1967440573787935,1,1,2
K3_T1-3,3,eulerian,A_common_dense,y,3,27.372323501689742,0.08405006864459683,0.9998597848241716,1.1967440573787935,1,1,2
K3_T1-3,3,eulerian,A_common_dense,y,4,3.3464589938241387,0.010275711820002566,0.9999613867900041,1.1967440573787935,1,1,2
K3_T1-3,3,eulerian,A_common_dense,y,5,1.7687726872862926,0.005431232966902628,0.9999897708909274,1.1967440573787935,1,1,2
K3_T1-3,3,eulerian,A_common_dense,y,6,0.9833949696873185,0.0030196345846149283,0.999998544677392,1.1967440573787935,1,1,2
K3_T1-3,3,eulerian,A_common_dense,y,7,0.4005106696595216,0.0012298170184821234,0.9999999999999999,1.1967440573787935,1,1,2
K3_T1-3,3,eulerian,A_common_dense,z,1,323.89231853116974,1.0,0.9517708341047832,1.2188915430664675,1,1,2
K3_T1-3,3,eulerian,A_common_dense,z,2,72.18823225075796,0.2228772592635936,0.9990493580630136,1.2188915430664675,1,1,2
K3_T1-3,3,eulerian,A_common_dense,z,3,10.236234921592864,0.031603821195925585,0.9999999882132737,1.2188915430664675,1,1,2
K3_T1-3,3,eulerian,A_common_dense,z,4,0.036043839738746475,0.00011128340400971195,1.0,1.2188915430664675,1,1,2
K3_T1-3,3,eulerian,A_common_dense,time,1,321.01679419970105,1.0,0.9349461601822047,1.2899932114489983,1,2,2
K3_T1-3,3,eulerian,A_common_dense,time,2,82.28603431173796,0.2563293752804369,0.9963765626211113,1.2899932114489983,1,2,2
K3_T1-3,3,eulerian,A_common_dense,time,3,19.984571111454034,0.06225397384979756,0.9999999999999999,1.2899932114489983,1,2,2
K3_T1-3,3,eulerian,A_common_dense,component,1,323.0036644566895,1.0,0.9465553060445082,1.2642267643353144,1,2,3
K3_T1-3,3,eulerian,A_common_dense,component,2,69.10983413020891,0.213959907378932,0.989887511811621,1.2642267643353144,1,2,3
K3_T1-3,3,eulerian,A_common_dense,component,3,33.385929035444036,0.1033608367620258,1.0,1.2642267643353144,1,2,3
K3_T1-3,3,storm_relative,A_common_dense,x,1,349.2371606454817,1.0,0.9591216325381794,1.2083662437881597,1,1,2
K3_T1-3,3,storm_relative,A_common_dense,x,2,67.84032850270333,0.19425289215304764,0.9953133067223329,1.2083662437881597,1,1,2
K3_T1-3,3,storm_relative,A_common_dense,x,3,20.793881739642202,0.059540862436315956,0.9987135025369575,1.2083662437881597,1,1,2
K3_T1-3,3,storm_relative,A_common_dense,x,4,10.146007938495542,0.02905191394794031,0.9995230143386595,1.2083662437881597,1,1,2
K3_T1-3,3,storm_relative,A_common_dense,x,5,6.712776467712886,0.01922125484958679,0.9998773681924432,1.2083662437881597,1,1,2
K3_T1-3,3,storm_relative,A_common_dense,x,6,3.3528273627921537,0.009600431284561044,0.9999657687844399,1.2083662437881597,1,1,2
K3_T1-3,3,storm_relative,A_common_dense,x,7,1.650377489819876,0.00472566403520618,0.9999871877933757,1.2083662437881597,1,1,2
K3_T1-3,3,storm_relative,A_common_dense,x,8,0.9353857369516809,0.0026783682905417144,0.9999940682027009,1.2083662437881597,1,1,2
K3_T1-3,3,storm_relative,A_common_dense,x,9,0.6560082852206812,0.0018784034436891142,0.9999974523669869,1.2083662437881597,1,1,2
K3_T1-3,3,storm_relative,A_common_dense,x,10,0.39761901636901964,0.0011385358179928952,0.9999986956416475,1.2083662437881597,1,1,2
K3_T1-3,3,storm_relative,A_common_dense,x,11,0.30016178602024274,0.0008594783712748814,0.9999994041477426,1.2083662437881597,1,1,2
K3_T1-3,3,storm_relative,A_common_dense,x,12,0.21422791710751113,0.0006134167300855438,0.9999997650461118,1.2083662437881597,1,1,2
K3_T1-3,3,storm_relative,A_common_dense,x,13,0.17285220483064662,0.000494942189173599,0.9999999999999999,1.2083662437881597,1,1,2
K3_T1-3,3,storm_relative,A_common_dense,y,1,352.9976583454749,1.0,0.9798879971871718,1.1157664418438722,1,1,2
K3_T1-3,3,storm_relative,A_common_dense,y,2,44.67676124981887,0.12656390260270287,0.9955842560920991,1.1157664418438722,1,1,2
K3_T1-3,3,storm_relative,A_common_dense,y,3,23.462079941211012,0.06646525660022631,0.9999130390333109,1.1157664418438722,1,1,2
K3_T1-3,3,storm_relative,A_common_dense,y,4,2.990921465605299,0.008472921547479834,0.9999833855841429,1.1157664418438722,1,1,2
K3_T1-3,3,storm_relative,A_common_dense,y,5,1.2816004507367567,0.0036306202617425536,0.9999963018832039,1.1157664418438722,1,1,2
K3_T1-3,3,storm_relative,A_common_dense,y,6,0.5908736268749865,0.0016738740694327919,0.9999990473867006,1.1157664418438722,1,1,2
K3_T1-3,3,storm_relative,A_common_dense,y,7,0.3480502304576841,0.000985984530574566,1.0,1.1157664418438722,1,1,2
K3_T1-3,3,storm_relative,A_common_dense,z,1,352.33701049728876,1.0,0.9762236379378549,1.122335632759773,1,1,2
K3_T1-3,3,storm_relative,A_common_dense,z,2,54.217101956177004,0.1538785320328822,0.9993392495294168,1.122335632759773,1,1,2
K3_T1-3,3,storm_relative,A_common_dense,z,3,9.166393670675117,0.026015982986679887,0.9999999883124537,1.122335632759773,1,1,2
K3_T1-3,3,storm_relative,A_common_dense,z,4,0.038551854819211286,0.00010941755668755651,1.0,1.122335632759773,1,1,2
K3_T1-3,3,storm_relative,A_common_dense,time,1,351.94879120436883,1.0,0.974073537060127,1.135093040160949,1,1,2
K3_T1-3,3,storm_relative,A_common_dense,time,2,55.4367232522655,0.15751360606343048,0.9982408237106444,1.135093040160949,1,1,2
K3_T1-3,3,storm_relative,A_common_dense,time,3,14.956786242359641,0.042497052458050834,1.0,1.135093040160949,1,1,2
K3_T1-3,3,storm_relative,A_common_dense,component,1,351.14022440082084,1.0,0.9696030071071207,1.1659586847398076,1,1,2
K3_T1-3,3,storm_relative,A_common_dense,component,2,53.477206194743985,0.15229587064824743,0.992092010491186,1.1659586847398076,1,1,2
K3_T1-3,3,storm_relative,A_common_dense,component,3,31.71148995569912,0.09031004639189662,1.0,1.1659586847398076,1,1,2
K3_T2-4,3,eulerian,A_common_dense,x,1,334.95657749932275,1.0,0.8349552897934908,1.7602539854159818,2,3,3
K3_T2-4,3,eulerian,A_common_dense,x,2,120.64545329032083,0.3601823680878897,0.9432751569435346,1.7602539854159818,2,3,3
K3_T2-4,3,eulerian,A_common_dense,x,3,85.47113974722612,0.2551708056767416,0.9976408827245199,1.7602539854159818,2,3,3
K3_T2-4,3,eulerian,A_common_dense,x,4,16.25269299403539,0.0485217908403911,0.9996066715560205,1.7602539854159818,2,3,3
K3_T2-4,3,eulerian,A_common_dense,x,5,5.840742773851433,0.017437313270443965,0.9998605479730063,1.7602539854159818,2,3,3
K3_T2-4,3,eulerian,A_common_dense,x,6,3.0660390353929348,0.00915354180617377,0.9999305066454014,1.7602539854159818,2,3,3
K3_T2-4,3,eulerian,A_common_dense,x,7,2.0112781872344216,0.00600459379615702,0.9999606110808268,1.7602539854159818,2,3,3
K3_T2-4,3,eulerian,A_common_dense,x,8,1.8646510113809054,0.0055668439930386966,0.9999864861382244,1.7602539854159818,2,3,3
K3_T2-4,3,eulerian,A_common_dense,x,9,0.9687928777572161,0.0028922939355002664,0.999993470843322,1.7602539854159818,2,3,3
K3_T2-4,3,eulerian,A_common_dense,x,10,0.6277642469501582,0.001874166053513093,0.9999964036224382,1.7602539854159818,2,3,3
K3_T2-4,3,eulerian,A_common_dense,x,11,0.47477238689194684,0.001417414730101566,0.9999980811014844,1.7602539854159818,2,3,3
K3_T2-4,3,eulerian,A_common_dense,x,12,0.34847040152053216,0.0010403450026928841,0.9999989847883938,1.7602539854159818,2,3,3
K3_T2-4,3,eulerian,A_common_dense,x,13,0.2921410358196277,0.000872175844405439,0.9999996199311206,1.7602539854159818,2,3,3
K3_T2-4,3,eulerian,A_common_dense,x,14,0.22598939289815412,0.0006746826546453205,1.0000000000000002,1.7602539854159818,2,3,3
K3_T2-4,3,eulerian,A_common_dense,y,1,348.15618789722816,1.0,0.9020579462749252,1.4196215128946819,1,2,2
K3_T2-4,3,eulerian,A_common_dense,y,2,110.04260739321407,0.3160725307162928,0.9921751991100907,1.4196215128946819,1,2,2
K3_T2-4,3,eulerian,A_common_dense,y,3,31.005635695870563,0.0890566842517907,0.9993295045823374,1.4196215128946819,1,2,2
K3_T2-4,3,eulerian,A_common_dense,y,4,8.936981982263918,0.025669461847686634,0.9999238897513085,1.4196215128946819,1,2,2
K3_T2-4,3,eulerian,A_common_dense,y,5,2.8352614153913827,0.008143647919962636,0.9999837133335504,1.4196215128946819,1,2,2
K3_T2-4,3,eulerian,A_common_dense,y,6,1.2169522870166527,0.0034954205305576342,0.9999947346456822,1.4196215128946819,1,2,2
K3_T2-4,3,eulerian,A_common_dense,y,7,0.8411446766127237,0.002415998065962913,0.9999999999999999,1.4196215128946819,1,2,2
K3_T2-4,3,eulerian,A_common_dense,z,1,339.82091511315224,1.0,0.859382310343385,1.5115239696689935,2,2,2
K3_T2-4,3,eulerian,A_common_dense,z,2,136.85977392478466,0.40274087861606056,0.9987743061133435,1.5115239696689935,2,2,2
K3_T2-4,3,eulerian,A_common_dense,z,3,12.832520506406626,0.03776259769688897,0.9999997971343211,1.5115239696689935,2,2,2
K3_T2-4,3,eulerian,A_common_dense,z,4,0.16510536648900295,0.0004858599313524502,1.0,1.5115239696689935,2,2,2
K3_T2-4,3,eulerian,A_common_dense,z,5,3.7989269213502925e-06,1.1179202787107264e-08,1.0,1.5115239696689935,2,2,2
K3_T2-4,3,eulerian,A_common_dense,time,1,341.44088752538573,1.0,0.8675954244710354,1.5154027430851058,2,2,2
K3_T2-4,3,eulerian,A_common_dense,time,2,130.27346037650113,0.3815403050310296,0.9938938969830248,1.5154027430851058,2,2,2
K3_T2-4,3,eulerian,A_common_dense,time,3,28.64434947457968,0.08389255804183676,1.0,1.5154027430851058,2,2,2
K3_T2-4,3,eulerian,A_common_dense,component,1,336.10631105538187,1.0,0.8406970708545127,1.6583596955604938,2,2,3
K3_T2-4,3,eulerian,A_common_dense,component,2,134.8958421759637,0.4013487332397524,0.9761172323548182,1.6583596955604938,2,2,3
K3_T2-4,3,eulerian,A_common_dense,component,3,56.64991034232122,0.16854759485009116,0.9999999999999999,1.6583596955604938,2,2,3
K3_T2-4,3,storm_relative,A_common_dense,x,1,358.6862371876858,1.0,0.8536818979413708,1.6003405233398227,2,2,3
K3_T2-4,3,storm_relative,A_common_dense,x,2,140.95221306756653,0.39296799947696914,0.9855107421126689,1.6003405233398227,2,2,3
K3_T2-4,3,storm_relative,A_common_dense,x,3,43.79353862878781,0.12209428210057707,0.9982365898792096,1.6003405233398227,2,2,3
K3_T2-4,3,storm_relative,A_common_dense,x,4,14.453150593400025,0.04029468960593904,0.9996226807458964,1.6003405233398227,2,2,3
K3_T2-4,3,storm_relative,A_common_dense,x,5,6.21583001676499,0.017329435513056782,0.9998790493891405,1.6003405233398227,2,2,3
K3_T2-4,3,storm_relative,A_common_dense,x,6,2.7529158974785415,0.007674997287498527,0.9999293360193453,1.6003405233398227,2,2,3
K3_T2-4,3,storm_relative,A_common_dense,x,7,2.405646342833777,0.0067068264500346605,0.9999677359295912,1.6003405233398227,2,2,3
K3_T2-4,3,storm_relative,A_common_dense,x,8,1.3903237760833533,0.003876155904347827,0.9999805621454839,1.6003405233398227,2,2,3
K3_T2-4,3,storm_relative,A_common_dense,x,9,1.121009371987752,0.003125320282085911,0.999988900591725,1.6003405233398227,2,2,3
K3_T2-4,3,storm_relative,A_common_dense,x,10,0.9752066392197194,0.00271882926667586,0.9999952110361287,1.6003405233398227,2,2,3
K3_T2-4,3,storm_relative,A_common_dense,x,11,0.662639508986169,0.0018474071215602201,0.9999981245782381,1.6003405233398227,2,2,3
K3_T2-4,3,storm_relative,A_common_dense,x,12,0.42093879715586396,0.0011735571469267275,0.9999993003000024,1.6003405233398227,2,2,3
K3_T2-4,3,storm_relative,A_common_dense,x,13,0.2553984286369702,0.000712038551128826,0.9999997331157842,1.6003405233398227,2,2,3
K3_T2-4,3,storm_relative,A_common_dense,x,14,0.2005525192057732,0.0005591307901251653,1.0000000000000002,1.6003405233398227,2,2,3
K3_T2-4,3,storm_relative,A_common_dense,y,1,373.2724605305291,1.0,0.9245247571920442,1.3317520064537303,1,2,2
K3_T2-4,3,storm_relative,A_common_dense,y,2,103.35315074984034,0.276883943173695,0.9954031869745547,1.3317520064537303,1,2,2
K3_T2-4,3,storm_relative,A_common_dense,y,3,25.089508213506097,0.06721499940779607,0.9995800568304,1.3317520064537303,1,2,2
K3_T2-4,3,storm_relative,A_common_dense,y,4,7.399835732675228,0.019824220951521317,0.9999433948162114,1.3317520064537303,1,2,2
K3_T2-4,3,storm_relative,A_common_dense,y,5,2.655070972179896,0.007112957029849631,0.9999901703675822,1.3317520064537303,1,2,2
K3_T2-4,3,storm_relative,A_common_dense,y,6,1.1444974414865605,0.003066118083985879,0.9999988618988835,1.3317520064537303,1,2,2
K3_T2-4,3,storm_relative,A_common_dense,y,7,0.4141494620201181,0.0011095098240879889,0.9999999999999999,1.3317520064537303,1,2,2
K3_T2-4,3,storm_relative,A_common_dense,z,1,367.1592165438006,1.0,0.8944900525142173,1.4089792895585829,2,2,2
K3_T2-4,3,storm_relative,A_common_dense,z,2,125.47631059698355,0.34174904222243524,0.9989596995541276,1.4089792895585829,2,2,2
K3_T2-4,3,storm_relative,A_common_dense,z,3,12.52039084124352,0.034100712380591675,0.999999864990769,1.4089792895585829,2,2,2
K3_T2-4,3,storm_relative,A_common_dense,z,4,0.14264232487063458,0.0003885026398448531,1.0,1.4089792895585829,2,2,2
K3_T2-4,3,storm_relative,A_common_dense,z,5,3.560684107808543e-06,9.697929256213476e-09,1.0,1.4089792895585829,2,2,2
K3_T2-4,3,storm_relative,A_common_dense,time,1,378.73905556441446,1.0,0.9518024754915708,1.2340318187673405,1,1,2
K3_T2-4,3,storm_relative,A_common_dense,time,2,80.21649727282254,0.2117988522553614,0.9944991484217618,1.2340318187673405,1,1,2
K3_T2-4,3,storm_relative,A_common_dense,time,3,28.792650159252727,0.07602239519857436,1.0,1.2340318187673405,1,1,2
K3_T2-4,3,storm_relative,A_common_dense,component,1,359.9265080716422,1.0,0.8595958542312416,1.5614577403179912,2,2,3
K3_T2-4,3,storm_relative,A_common_dense,component,2,139.35016710141585,0.3871628345686577,0.9884450267820589,1.5614577403179912,2,2,3
K3_T2-4,3,storm_relative,A_common_dense,component,3,41.730265562299444,0.11594107304259227,1.0,1.5614577403179912,2,2,3
K3_T3-5,3,eulerian,A_common_dense,x,1,302.5784017639574,1.0,0.7102773463800576,2.2606535864354087,2,3,3
K3_T3-5,3,eulerian,A_common_dense,x,2,157.66239211850746,0.521062941701637,0.9031223260922203,2.2606535864354087,2,3,3
K3_T3-5,3,eulerian,A_common_dense,x,3,108.07371210458274,0.3571758971378647,0.9937356897140088,2.2606535864354087,2,3,3
K3_T3-5,3,eulerian,A_common_dense,x,4,23.686881945060914,0.0782834525100676,0.998088481620731,2.2606535864354087,2,3,3
K3_T3-5,3,eulerian,A_common_dense,x,5,12.803199106614528,0.04231365831789393,0.999360194627332,2.2606535864354087,2,3,3
K3_T3-5,3,eulerian,A_common_dense,x,6,6.797058777604675,0.022463793641514067,0.9997186162200096,2.2606535864354087,2,3,3
K3_T3-5,3,eulerian,A_common_dense,x,7,4.392876871278796,0.014518144208804753,0.999868326001112,2.2606535864354087,2,3,3
K3_T3-5,3,eulerian,A_common_dense,x,8,2.628645265402284,0.008687484797586116,0.9999219323315036,2.2606535864354087,2,3,3
K3_T3-5,3,eulerian,A_common_dense,x,9,2.16729232908505,0.00716274630459501,0.9999583730643246,2.2606535864354087,2,3,3
K3_T3-5,3,eulerian,A_common_dense,x,10,1.585398603025134,0.00523962911358726,0.9999778728149186,2.2606535864354087,2,3,3
K3_T3-5,3,eulerian,A_common_dense,x,11,1.0246513901427703,0.0033863996378105826,0.9999860180642243,2.2606535864354087,2,3,3
K3_T3-5,3,eulerian,A_common_dense,x,12,0.7600850985479511,0.0025120269461298052,0.9999905001127158,2.2606535864354087,2,3,3
K3_T3-5,3,eulerian,A_common_dense,x,13,0.7112523049968702,0.0023506380523211335,0.9999944247496627,2.2606535864354087,2,3,3
K3_T3-5,3,eulerian,A_common_dense,x,14,0.5467452328023167,0.0018069539319889552,0.9999967438638053,2.2606535864354087,2,3,3
K3_T3-5,3,eulerian,A_common_dense,x,15,0.35825379050050016,0.0011840031820247875,0.999997739575717,2.2606535864354087,2,3,3
K3_T3-5,3,eulerian,A_common_dense,x,16,0.32225266068510655,0.001065022020099429,0.9999985452233545,2.2606535864354087,2,3,3
K3_T3-5,3,eulerian,A_common_dense,x,17,0.2593147569384749,0.000857016744839466,0.9999990669062269,2.2606535864354087,2,3,3
K3_T3-5,3,eulerian,A_common_dense,x,18,0.23344844191677955,0.000771530421721553,0.9999994897053459,2.2606535864354087,2,3,3
K3_T3-5,3,eulerian,A_common_dense,x,19,0.20685751825726378,0.0006836493188255854,0.9999998216722088,2.2606535864354087,2,3,3
K3_T3-5,3,eulerian,A_common_dense,x,20,0.15161195853848813,0.0005010666909952193,1.0,2.2606535864354087,2,3,3
K3_T3-5,3,eulerian,A_common_dense,y,1,327.4100884002096,1.0,0.8316416444304776,1.6172766535241254,2,2,2
K3_T3-5,3,eulerian,A_common_dense,y,2,144.86328866879862,0.44245212289159835,0.9944470403880582,1.6172766535241254,2,2,2
K3_T3-5,3,eulerian,A_common_dense,y,3,24.35980315024563,0.07440150445355072,0.9990506624563895,1.6172766535241254,2,2,2
K3_T3-5,3,eulerian,A_common_dense,y,4,9.98864521290318,0.030508055697702152,0.9998247058167644,1.6172766535241254,2,2,2
K3_T3-5,3,eulerian,A_common_dense,y,5,4.489657707864286,0.013712643155871099,0.9999810848692984,1.6172766535241254,2,2,2
K3_T3-5,3,eulerian,A_common_dense,y,6,1.368402082458623,0.004179474399047708,0.9999956119907429,1.6172766535241254,2,2,2
K3_T3-5,3,eulerian,A_common_dense,y,7,0.7520690394826498,0.0022970246370764193,1.0,1.6172766535241254,2,2,2
K3_T3-5,3,eulerian,A_common_dense,z,1,331.19233654594547,1.0,0.8509669094502472,1.5328060441318563,2,2,2
K3_T3-5,3,eulerian,A_common_dense,z,2,138.12826445135536,0.4170635887651138,0.9989858271622796,1.5328060441318563,2,2,2
K3_T3-5,3,eulerian,A_common_dense,z,3,11.433359559341481,0.034521811943421465,0.9999999716568132,1.5328060441318563,2,2,2
K3_T3-5,3,eulerian,A_common_dense,z,4,0.060443315991113716,0.0001825021575725034,1.0,1.5328060441318563,2,2,2
K3_T3-5,3,eulerian,A_common_dense,time,1,338.8733160147155,1.0,0.890895692615787,1.441743111615878,2,2,2
K3_T3-5,3,eulerian,A_common_dense,time,2,115.67012798299521,0.34133737451895524,0.9946950217268979,1.441743111615878,2,2,2
K3_T3-5,3,eulerian,A_common_dense,time,3,26.14964200332806,0.07716642405149575,1.0,1.441743111615878,2,2,2
K3_T3-5,3,eulerian,A_common_dense,component,1,322.67672982108155,1.0,0.8077694204646719,1.791968915485096,2,2,3
K3_T3-5,3,eulerian,A_common_dense,component,2,141.5418160733538,0.4386489727717155,0.9631946944041387,1.791968915485096,2,2,3
K3_T3-5,3,eulerian,A_common_dense,component,3,68.87778252777494,0.21345754484981433,1.0000000000000002,1.791968915485096,2,2,3
K3_T3-5,3,storm_relative,A_common_dense,x,1,318.08094391414687,1.0,0.7702238660262966,2.0380650230481234,2,3,3
K3_T3-5,3,storm_relative,A_common_dense,x,2,139.80654239524765,0.4395313365046565,0.919021716953033,2.0380650230481234,2,3,3
K3_T3-5,3,storm_relative,A_common_dense,x,3,100.04970672607276,0.31454165563931785,0.9952249343755405,2.0380650230481234,2,3,3
K3_T3-5,3,storm_relative,A_common_dense,x,4,18.183451180415318,0.05716611299205402,0.9977419986072191,2.0380650230481234,2,3,3
K3_T3-5,3,storm_relative,A_common_dense,x,5,13.956849271753029,0.043878294310897535,0.9992249142454923,2.0380650230481234,2,3,3
K3_T3-5,3,storm_relative,A_common_dense,x,6,7.647705953482702,0.02404326980225163,0.9996701643512448,2.0380650230481234,2,3,3
K3_T3-5,3,storm_relative,A_common_dense,x,7,4.773141656337623,0.015006059770829718,0.9998436047707874,2.0380650230481234,2,3,3
K3_T3-5,3,storm_relative,A_common_dense,x,8,3.332259314001972,0.010476136272097397,0.999928136401974,2.0380650230481234,2,3,3
K3_T3-5,3,storm_relative,A_common_dense,x,9,2.05936612192113,0.006474346110079995,0.9999604219971173,2.0380650230481234,2,3,3
K3_T3-5,3,storm_relative,A_common_dense,x,10,1.439996699927923,0.00452713916843944,0.999976207726818,2.0380650230481234,2,3,3
K3_T3-5,3,storm_relative,A_common_dense,x,11,1.1215039813946404,0.0035258446092179137,0.9999857828265868,2.0380650230481234,2,3,3
K3_T3-5,3,storm_relative,A_common_dense,x,12,0.7858236721898465,0.0024705147768988886,0.9999904838442528,2.0380650230481234,2,3,3
K3_T3-5,3,storm_relative,A_common_dense,x,13,0.6672988538789147,0.0020978900705822387,0.9999938737094353,2.0380650230481234,2,3,3
K3_T3-5,3,storm_relative,A_common_dense,x,14,0.5583046800798086,0.0017552283177029947,0.999996246635492,2.0380650230481234,2,3,3
K3_T3-5,3,storm_relative,A_common_dense,x,15,0.4239498660662416,0.001332836418457906,0.9999976149019266,2.0380650230481234,2,3,3
K3_T3-5,3,storm_relative,A_common_dense,x,16,0.34342524705558536,0.0010796787849959323,0.9999985127567234,2.0380650230481234,2,3,3
K3_T3-5,3,storm_relative,A_common_dense,x,17,0.2796478507401971,0.0008791719720741169,0.9999991080961436,2.0380650230481234,2,3,3
K3_T3-5,3,storm_relative,A_common_dense,x,18,0.2246471308231898,0.0007062577470337998,0.999999492283812,2.0380650230481234,2,3,3
K3_T3-5,3,storm_relative,A_common_dense,x,19,0.20155429634495023,0.0006336572504618563,0.9999998015452626,2.0380650230481234,2,3,3
K3_T3-5,3,storm_relative,A_common_dense,x,20,0.1614581235183677,0.0005076007431678988,0.9999999999999997,2.0380650230481234,2,3,3
K3_T3-5,3,storm_relative,A_common_dense,y,1,334.32876944894053,1.0,0.8509208556731044,1.556675395876821,2,2,2
K3_T3-5,3,storm_relative,A_common_dense,y,2,137.96197098047696,0.412653602045297,0.9958182077241566,1.556675395876821,2,2,2
K3_T3-5,3,storm_relative,A_common_dense,y,3,21.06217483055583,0.06299839186819516,0.9991953401850194,1.556675395876821,2,2,2
K3_T3-5,3,storm_relative,A_common_dense,y,4,9.71728045604946,0.029065044184100663,0.9999141783769323,1.556675395876821,2,2,2
K3_T3-5,3,storm_relative,A_common_dense,y,5,2.881690165003762,0.008619330516346307,0.9999773957197001,1.556675395876821,2,2,2
K3_T3-5,3,storm_relative,A_common_dense,y,6,1.6540297297219195,0.004947314981143215,0.9999982227951892,1.556675395876821,2,2,2
K3_T3-5,3,storm_relative,A_common_dense,y,7,0.4831677134390786,0.001445187365225741,1.0,1.556675395876821,2,2,2
K3_T3-5,3,storm_relative,A_common_dense,z,1,339.0444027136625,1.0,0.875094242444648,1.464993822248205,2,2,2
K3_T3-5,3,storm_relative,A_common_dense,z,2,127.6367617794015,0.3764603124482081,0.9991146696994883,1.464993822248205,2,2,2
K3_T3-5,3,storm_relative,A_common_dense,z,3,10.783892066146995,0.03180672495942796,0.9999999743250946,1.464993822248205,2,2,2
K3_T3-5,3,storm_relative,A_common_dense,z,4,0.05807424763111566,0.0001712880294330116,1.0,1.464993822248205,2,2,2
K3_T3-5,3,storm_relative,A_common_dense,time,1,353.74007411332167,1.0,0.9525991582483995,1.2278808084737185,1,1,2
K3_T3-5,3,storm_relative,A_common_dense,time,2,75.21328562481105,0.212623027835733,0.9956647867968733,1.2278808084737185,1,1,2
K3_T3-5,3,storm_relative,A_common_dense,time,3,23.863514023103114,0.06746058976472756,1.0,1.2278808084737185,1,1,2
K3_T3-5,3,storm_relative,A_common_dense,component,1,330.53398138973023,1.0,0.8317137822769034,1.6975388730323,2,2,3
K3_T3-5,3,storm_relative,A_common_dense,component,2,135.66631969608997,0.410445906728503,0.9718291452024387,1.6975388730323,2,2,3
K3_T3-5,3,storm_relative,A_common_dense,component,3,60.83159143471574,0.18404035548462913,1.0,1.6975388730323,2,2,3
K3_T4-6,3,eulerian,A_common_dense,x,1,409.37591019507335,1.0,0.9005357065913586,1.485447584227591,1,2,3
K3_T4-6,3,eulerian,A_common_dense,x,2,105.10092706493653,0.25673451819589105,0.9598923679624558,1.485447584227591,1,2,3
K3_T4-6,3,eulerian,A_common_dense,x,3,85.50307362225803,0.20886200553792875,0.9991767408934084,1.485447584227591,1,2,3
K3_T4-6,3,eulerian,A_common_dense,x,4,9.91915298227544,0.024229938145478136,0.9997054363136192,1.485447584227591,1,2,3
K3_T4-6,3,eulerian,A_common_dense,x,5,6.773140925425296,0.016545040283874542,0.9999519474792574,1.485447584227591,1,2,3
K3_T4-6,3,eulerian,A_common_dense,x,6,2.1265123797415684,0.005194522508000668,0.9999762466919402,1.485447584227591,1,2,3
K3_T4-6,3,eulerian,A_common_dense,x,7,1.5989376064295446,0.0039057931026464858,0.9999899845620466,1.485447584227591,1,2,3
K3_T4-6,3,eulerian,A_common_dense,x,8,0.9715717309344167,0.002373299714854861,0.9999950568758245,1.485447584227591,1,2,3
K3_T4-6,3,eulerian,A_common_dense,x,9,0.7448282254414478,0.0018194236810039133,0.9999980379214533,1.485447584227591,1,2,3
K3_T4-6,3,eulerian,A_common_dense,x,10,0.5037740799417284,0.001230590436309926,0.9999994016502418,1.485447584227591,1,2,3
K3_T4-6,3,eulerian,A_common_dense,x,11,0.3336947502127892,0.0008151304019178339,1.0000000000000002,1.485447584227591,1,2,3
K3_T4-6,3,eulerian,A_common_dense,y,1,332.81385203827426,1.0,0.5951948422143272,2.198261862939748,2,2,3
K3_T4-6,3,eulerian,A_common_dense,y,2,265.6378570318812,0.79815745470033,0.9743668843677677,2.198261862939748,2,2,3
K3_T4-6,3,eulerian,A_common_dense,y,3,61.0821608142711,0.18353250755694667,0.9944155353596796,2.198261862939748,2,2,3
K3_T4-6,3,eulerian,A_common_dense,y,4,28.009240389873423,0.08415887805851394,0.9986311318417562,2.198261862939748,2,2,3
K3_T4-6,3,eulerian,A_common_dense,y,5,14.897968899444997,0.0447636683635743,0.9998237749370502,2.198261862939748,2,2,3
K3_T4-6,3,eulerian,A_common_dense,y,6,4.947956830580021,0.014867039939224032,0.9999553301843559,2.198261862939748,2,2,3
K3_T4-6,3,eulerian,A_common_dense,y,7,2.404524100841638,0.007224831797461102,0.9999863982804962,2.198261862939748,2,2,3
K3_T4-6,3,eulerian,A_common_dense,y,8,1.0341805394009511,0.003107384302267618,0.999992145384996,2.198261862939748,2,2,3
K3_T4-6,3,eulerian,A_common_dense,y,9,0.9277006155805488,0.0027874459247984105,0.999996769962488,2.198261862939748,2,2,3
K3_T4-6,3,eulerian,A_common_dense,y,10,0.6380654157142415,0.001917184070934832,0.9999989576575323,2.198261862939748,2,2,3
K3_T4-6,3,eulerian,A_common_dense,y,11,0.4404301389755394,0.0013233527879869887,1.0,2.198261862939748,2,2,3
K3_T4-6,3,eulerian,A_common_dense,z,1,323.6207059912538,1.0,0.5627674542446532,2.0511485702644507,2,2,2
K3_T4-6,3,eulerian,A_common_dense,z,2,283.18548350969337,0.8750536608660224,0.9936891355518853,2.0511485702644507,2,2,2
K3_T4-6,3,eulerian,A_common_dense,z,3,34.21284994758016,0.10571897692017518,0.9999789071753971,2.0511485702644507,2,2,2
K3_T4-6,3,eulerian,A_common_dense,z,4,1.9812495679749547,0.006122134743839598,0.9999999999999997,2.0511485702644507,2,2,2
K3_T4-6,3,eulerian,A_common_dense,z,5,4.132148019082449e-06,1.2768490836906228e-08,0.9999999999999998,2.0511485702644507,2,2,2
K3_T4-6,3,eulerian,A_common_dense,z,6,3.6324997284128703e-06,1.1224559063013237e-08,0.9999999999999999,2.0511485702644507,2,2,2
K3_T4-6,3,eulerian,A_common_dense,time,1,403.13779881041705,1.0,0.8732999029845403,1.501461855759898,2,2,2
K3_T4-6,3,eulerian,A_common_dense,time,2,149.40433718457464,0.37060364377996413,0.9932450778415343,1.501461855759898,2,2,2
K3_T4-6,3,eulerian,A_common_dense,time,3,35.455367280741854,0.08794850640491637,1.0000000000000002,1.501461855759898,2,2,2
K3_T4-6,3,eulerian,A_common_dense,component,1,390.1489427608733,1.0,0.8179320770192675,1.7378153201820177,2,2,3
K3_T4-6,3,eulerian,A_common_dense,component,2,169.3386566840036,0.43403592352624465,0.9720199968216995,1.7378153201820177,2,2,3
K3_T4-6,3,eulerian,A_common_dense,component,3,72.15986199621301,0.1849546521530384,0.9999999999999999,1.7378153201820177,2,2,3
K3_T4-6,3,storm_relative,A_common_dense,x,1,411.1392472278306,1.0,0.8958264976625364,1.4863489258324167,2,2,3
K3_T4-6,3,storm_relative,A_common_dense,x,2,122.08461801138948,0.29694226186033984,0.974815736508134,1.4863489258324167,2,2,3
K3_T4-6,3,storm_relative,A_common_dense,x,3,67.73830657400661,0.16475757795136936,0.9991330000820533,1.4863489258324167,2,2,3
K3_T4-6,3,storm_relative,A_common_dense,x,4,10.644141839215273,0.025889383976317102,0.9997334369319366,1.4863489258324167,2,2,3
K3_T4-6,3,storm_relative,A_common_dense,x,5,6.053778464125202,0.014724399348745544,0.9999276592260714,1.4863489258324167,2,2,3
K3_T4-6,3,storm_relative,A_common_dense,x,6,2.6916313069077127,0.006546763231816105,0.9999660544472392,1.4863489258324167,2,2,3
K3_T4-6,3,storm_relative,A_common_dense,x,7,2.084675274295623,0.005070484728353874,0.999989085981107,1.4863489258324167,2,2,3
K3_T4-6,3,storm_relative,A_common_dense,x,8,0.9760695522551088,0.0023740607563894896,0.999994135006589,1.4863489258324167,2,2,3
K3_T4-6,3,storm_relative,A_common_dense,x,9,0.8164548398350946,0.001985835323044848,0.9999976677359447,1.4863489258324167,2,2,3
K3_T4-6,3,storm_relative,A_common_dense,x,10,0.5789219303704236,0.001408092110577848,0.9999994439120966,1.4863489258324167,2,2,3
K3_T4-6,3,storm_relative,A_common_dense,x,11,0.32392816300234295,0.0007878794476238361,0.9999999999999998,1.4863489258324167,2,2,3
K3_T4-6,3,storm_relative,A_common_dense,y,1,351.4997977938326,1.0,0.6547811835312483,2.047417490559935,2,2,3
K3_T4-6,3,storm_relative,A_common_dense,y,2,249.75644752728905,0.7105450674363696,0.9853633705434129,2.047417490559935,2,2,3
K3_T4-6,3,storm_relative,A_common_dense,y,3,44.7460516897126,0.1273003625338009,0.9959743499461934,2.047417490559935,2,2,3
K3_T4-6,3,storm_relative,A_common_dense,y,4,22.96355341635172,0.06533020377388858,0.9987689792986966,2.047417490559935,2,2,3
K3_T4-6,3,storm_relative,A_common_dense,y,5,14.556479358617267,0.04141248288044584,0.9998919249284245,2.047417490559935,2,2,3
K3_T4-6,3,storm_relative,A_common_dense,y,6,3.7647788249047545,0.010710614482665887,0.9999670396333987,2.047417490559935,2,2,3
K3_T4-6,3,storm_relative,A_common_dense,y,7,1.8424941439136249,0.005241807123298303,0.9999850307560351,2.047417490559935,2,2,3
K3_T4-6,3,storm_relative,A_common_dense,y,8,1.2205040911071923,0.003472275371899537,0.9999929252538805,2.047417490559935,2,2,3
K3_T4-6,3,storm_relative,A_common_dense,y,9,0.9546700664913864,0.002715990371782049,0.9999977553151814,2.047417490559935,2,2,3
K3_T4-6,3,storm_relative,A_common_dense,y,10,0.48140149795710385,0.001369564082194617,0.9999989834920289,2.047417490559935,2,2,3
K3_T4-6,3,storm_relative,A_common_dense,y,11,0.4379579139897298,0.001245969177617018,1.0,2.047417490559935,2,2,3
K3_T4-6,3,storm_relative,A_common_dense,z,1,345.6088939664372,1.0,0.6330176974555661,1.9892095073068605,2,2,2
K3_T4-6,3,storm_relative,A_common_dense,z,2,261.020546826322,0.7552483497478228,0.9940910362668369,1.9892095073068605,2,2,2
K3_T4-6,3,storm_relative,A_common_dense,z,3,33.327026413553234,0.09642988648547247,0.9999772924943857,1.9892095073068605,2,2,2
K3_T4-6,3,storm_relative,A_common_dense,z,4,2.0699587900095273,0.00598930995742993,0.9999999999999999,1.9892095073068605,2,2,2
K3_T4-6,3,storm_relative,A_common_dense,z,5,3.891892402064999e-06,1.1260972937932981e-08,1.0,1.9892095073068605,2,2,2
K3_T4-6,3,storm_relative,A_common_dense,z,6,3.0491925675843797e-06,8.822668110735869e-09,1.0,1.9892095073068605,2,2,2
K3_T4-6,3,storm_relative,A_common_dense,time,1,427.29798083179696,1.0,0.9676264087069264,1.1659021167962633,1,1,2
K3_T4-6,3,storm_relative,A_common_dense,time,2,74.10493993386027,0.17342684322917779,0.9967295823641491,1.1659021167962633,1,1,2
K3_T4-6,3,storm_relative,A_common_dense,time,3,24.84154438931915,0.05813634864588293,1.0,1.1659021167962633,1,1,2
K3_T4-6,3,storm_relative,A_common_dense,component,1,399.8299866802476,1.0,0.8472210866754596,1.6029294063899955,2,2,3
K3_T4-6,3,storm_relative,A_common_dense,component,2,162.43605031216094,0.40626280099912676,0.9870544724765066,1.6029294063899955,2,2,3
K3_T4-6,3,storm_relative,A_common_dense,component,3,49.42388272319879,0.123612246128813,1.0,1.6029294063899955,2,2,3
K4_T1-4,4,eulerian,A_common_dense,x,1,360.4650083399036,1.0,0.9374037177595304,1.3120218808015156,1,2,3
K4_T1-4,4,eulerian,A_common_dense,x,2,81.04429748366938,0.22483263453757477,0.9847892071758919,1.3120218808015156,1,2,3
K4_T1-4,4,eulerian,A_common_dense,x,3,45.063504095581166,0.12501491976466172,0.9994396369352656,1.3120218808015156,1,2,3
K4_T1-4,4,eulerian,A_common_dense,x,4,7.865922144033672,0.021821596998442726,0.9998860118019763,1.3120218808015156,1,2,3
K4_T1-4,4,eulerian,A_common_dense,x,5,3.140071745290906,0.008711169385767254,0.9999571461882126,1.3120218808015156,1,2,3
K4_T1-4,4,eulerian,A_common_dense,x,6,1.8502189562150702,0.005132867028442301,0.9999818433302154,1.3120218808015156,1,2,3
K4_T1-4,4,eulerian,A_common_dense,x,7,1.197637330065745,0.0033224787492727244,0.9999921912033432,1.3120218808015156,1,2,3
K4_T1-4,4,eulerian,A_common_dense,x,8,0.8456823238412601,0.0023460871493074763,0.9999973507904988,1.3120218808015156,1,2,3
K4_T1-4,4,eulerian,A_common_dense,x,9,0.4600707033185538,0.0012763255591364535,0.999998877827654,1.3120218808015156,1,2,3
K4_T1-4,4,eulerian,A_common_dense,x,10,0.39439332659107745,0.0010941237497848358,0.9999999999999999,1.3120218808015156,1,2,3
K4_T1-4,4,eulerian,A_common_dense,y,1,361.0651794400754,1.0,0.940527854481806,1.290771634912975,1,2,3
K4_T1-4,4,eulerian,A_common_dense,y,2,82.30661147814804,0.22795499584253917,0.9894009549594803,1.290771634912975,1,2,3
K4_T1-4,4,eulerian,A_common_dense,y,3,37.59806347805479,0.1041309592255899,0.9995993398901976,1.290771634912975,1,2,3
K4_T1-4,4,eulerian,A_common_dense,y,4,7.106162583193507,0.019681107422802286,0.9999636495825387,1.290771634912975,1,2,3
K4_T1-4,4,eulerian,A_common_dense,y,5,1.8955634015880714,0.005249920262395923,0.9999895720940817,1.290771634912975,1,2,3
K4_T1-4,4,eulerian,A_common_dense,y,6,1.0813273671127077,0.0029948259446939316,0.999998007671892,1.290771634912975,1,2,3
K4_T1-4,4,eulerian,A_common_dense,y,7,0.5255090599106685,0.0014554409836074632,0.9999999999999999,1.290771634912975,1,2,3
K4_T1-4,4,eulerian,A_common_dense,z,1,350.60624042332944,1.0,0.8868286808402653,1.4330418547328936,2,2,2
K4_T1-4,4,eulerian,A_common_dense,z,2,124.57483226375432,0.3553126496360704,0.9987882113621498,1.4330418547328936,2,2,2
K4_T1-4,4,eulerian,A_common_dense,z,3,12.959368714735415,0.03696274401473287,0.999999836121102,1.4330418547328936,2,2,2
K4_T1-4,4,eulerian,A_common_dense,z,4,0.15071667132521288,0.0004298744687009403,0.9999999999999998,1.4330418547328936,2,2,2
K4_T1-4,4,eulerian,A_common_dense,z,5,4.014967625505572e-06,1.145150075097869e-08,0.9999999999999999,1.4330418547328936,2,2,2
K4_T1-4,4,eulerian,A_common_dense,time,1,343.18930936690845,1.0,0.8497045582244009,1.623868087799624,2,2,3
K4_T1-4,4,eulerian,A_common_dense,time,2,135.13474745523862,0.39376152976479867,0.981449671500237,1.623868087799624,2,2,3
K4_T1-4,4,eulerian,A_common_dense,time,3,48.48666055040938,0.1412825493890068,0.9984104192058046,1.623868087799624,2,2,3
K4_T1-4,4,eulerian,A_common_dense,time,4,14.843662804921388,0.043252113046015145,1.0,1.623868087799624,2,2,3
K4_T1-4,4,eulerian,A_common_dense,component,1,357.68667481821853,1.0,0.9230090711257389,1.3650493700530866,1,2,3
K4_T1-4,4,eulerian,A_common_dense,component,2,91.6684766924323,0.2562814975956807,0.98363249706627,1.3650493700530866,1,2,3
K4_T1-4,4,eulerian,A_common_dense,component,3,47.6311415850855,0.13316442836259507,1.0,1.3650493700530866,1,2,3
K4_T1-4,4,storm_relative,A_common_dense,x,1,397.814274143846,1.0,0.9500009209573215,1.233378578975938,1,1,2
K4_T1-4,4,storm_relative,A_common_dense,x,2,88.87140409862097,0.22339923395128322,0.9974128237632582,1.233378578975938,1,1,2
K4_T1-4,4,storm_relative,A_common_dense,x,3,19.659038180879257,0.049417628925428475,0.9997328229585107,1.233378578975938,1,1,2
K4_T1-4,4,storm_relative,A_common_dense,x,4,5.934883904863596,0.01491873039909472,0.9999442632543717,1.233378578975938,1,1,2
K4_T1-4,4,storm_relative,A_common_dense,x,5,2.172862094491533,0.005462001330062496,0.9999726050674501,1.233378578975938,1,1,2
K4_T1-4,4,storm_relative,A_common_dense,x,6,1.6873717887248911,0.004241606946750113,0.9999896967520354,1.233378578975938,1,1,2
K4_T1-4,4,storm_relative,A_common_dense,x,7,0.9786629978144181,0.0024601002563838185,0.9999954462462171,1.233378578975938,1,1,2
K4_T1-4,4,storm_relative,A_common_dense,x,8,0.7061978244367784,0.001775194783939361,0.9999984399998142,1.233378578975938,1,1,2
K4_T1-4,4,storm_relative,A_common_dense,x,9,0.4536127429844193,0.0011402626111409896,0.9999996751898929,1.233378578975938,1,1,2
K4_T1-4,4,storm_relative,A_common_dense,x,10,0.23261253617815617,0.0005847264698552411,1.0,1.233378578975938,1,1,2
K4_T1-4,4,storm_relative,A_common_dense,y,1,402.17075107731375,1.0,0.9709218313067407,1.1559303511352879,1,1,2
K4_T1-4,4,storm_relative,A_common_dense,y,2,63.98927618606299,0.15910972146694383,0.9955015946604432,1.1559303511352879,1,1,2
K4_T1-4,4,storm_relative,A_common_dense,y,3,26.81419325151306,0.06667365336659768,0.9998177073189111,1.1559303511352879,1,1,2
K4_T1-4,4,storm_relative,A_common_dense,y,4,5.047039126631555,0.012549493251589812,0.9999706175853671,1.1559303511352879,1,1,2
K4_T1-4,4,storm_relative,A_common_dense,y,5,2.0722598985729683,0.0051526867456718525,0.9999963957354329,1.1559303511352879,1,1,2
K4_T1-4,4,storm_relative,A_common_dense,y,6,0.685557057128782,0.0017046417604769815,0.9999992170435191,1.1559303511352879,1,1,2
K4_T1-4,4,storm_relative,A_common_dense,y,7,0.361149618699818,0.0008980007067455539,1.0,1.1559303511352879,1,1,2
K4_T1-4,4,storm_relative,A_common_dense,z,1,398.87795285969435,1.0,0.9550879515688443,1.2073798511293279,1,1,2
K4_T1-4,4,storm_relative,A_common_dense,z,2,85.42233031991371,0.21415656018963045,0.9988911811144879,1.2073798511293279,1,1,2
K4_T1-4,4,storm_relative,A_common_dense,z,3,13.590296678069834,0.03407131575118726,0.9999998993154188,1.2073798511293279,1,1,2
K4_T1-4,4,storm_relative,A_common_dense,z,4,0.12950896507544218,0.0003246831872931244,0.9999999999999999,1.2073798511293279,1,1,2
K4_T1-4,4,storm_relative,A_common_dense,z,5,3.4888594358787773e-06,8.746684069314773e-09,1.0,1.2073798511293279,1,1,2
K4_T1-4,4,storm_relative,A_common_dense,time,1,397.49637264653785,1.0,0.9484831974115573,1.2530056322290177,1,2,2
K4_T1-4,4,storm_relative,A_common_dense,time,2,86.70695221983662,0.2181326879602453,0.9936138011875744,1.2530056322290177,1,2,2
K4_T1-4,4,storm_relative,A_common_dense,time,3,28.990914824523667,0.07293378460664092,0.9986591028937349,1.2530056322290177,1,2,2
K4_T1-4,4,storm_relative,A_common_dense,time,4,14.945693641445109,0.037599572398450874,1.0,1.2530056322290177,1,2,2
K4_T1-4,4,storm_relative,A_common_dense,component,1,398.4047854228661,1.0,0.9528233567340789,1.2348288719688447,1,1,2
K4_T1-4,4,storm_relative,A_common_dense,component,2,81.20400906954663,0.20382287573016183,0.9924072260391889,1.2348288719688447,1,1,2
K4_T1-4,4,storm_relative,A_common_dense,component,3,35.5646537223111,0.08926763689488028,1.0,1.2348288719688447,1,1,2
K4_T2-5,4,eulerian,A_common_dense,x,1,311.4264643665108,1.0,0.6708269736245943,2.4348491109457115,3,3,3
K4_T2-5,4,eulerian,A_common_dense,x,2,165.42001987041843,0.5311687951982762,0.8600942898269266,2.4348491109457115,3,3,3
K4_T2-5,4,eulerian,A_common_dense,x,3,138.89768130607277,0.4460047465414089,0.9935353483518935,2.4348491109457115,3,3,3
K4_T2-5,4,eulerian,A_common_dense,x,4,26.15181358995479,0.08397428151506517,0.998265805475727,2.4348491109457115,3,3,3
K4_T2-5,4,eulerian,A_common_dense,x,5,13.012363456061973,0.04178310113281836,0.9994369536810404,2.4348491109457115,3,3,3
K4_T2-5,4,eulerian,A_common_dense,x,6,6.484296339362142,0.020821275907146154,0.9997277743005886,2.4348491109457115,3,3,3
K4_T2-5,4,eulerian,A_common_dense,x,7,4.399975492678835,0.014128457263993477,0.9998616802896492,2.4348491109457115,3,3,3
K4_T2-5,4,eulerian,A_common_dense,x,8,2.639366939489658,0.008475088797795445,0.9999098638659788,2.4348491109457115,3,3,3
K4_T2-5,4,eulerian,A_common_dense,x,9,2.3521521703847683,0.007552833299409562,0.9999481313857983,2.4348491109457115,3,3,3
K4_T2-5,4,eulerian,A_common_dense,x,10,2.097339527451049,0.006734622029368503,0.9999785568329963,2.4348491109457115,3,3,3
K4_T2-5,4,eulerian,A_common_dense,x,11,1.0573816666403413,0.0033952852041370914,0.9999862901006001,2.4348491109457115,3,3,3
K4_T2-5,4,eulerian,A_common_dense,x,12,0.8907088568290831,0.0028600936617282076,0.9999917775563117,2.4348491109457115,3,3,3
K4_T2-5,4,eulerian,A_common_dense,x,13,0.6931374251820691,0.0022256856898530348,0.9999951006163211,2.4348491109457115,3,3,3
K4_T2-5,4,eulerian,A_common_dense,x,14,0.521178117400416,0.001673519039111118,0.9999969793786008,2.4348491109457115,3,3,3
K4_T2-5,4,eulerian,A_common_dense,x,15,0.38127522124584273,0.0012242865166305471,0.9999979848660411,2.4348491109457115,3,3,3
K4_T2-5,4,eulerian,A_common_dense,x,16,0.3324936867712879,0.0010676475021081815,0.999998749522381,2.4348491109457115,3,3,3
K4_T2-5,4,eulerian,A_common_dense,x,17,0.28583759477180654,0.000917833349048367,0.9999993146391365,2.4348491109457115,3,3,3
K4_T2-5,4,eulerian,A_common_dense,x,18,0.23457061846758256,0.0007532135040120472,0.9999996952197943,2.4348491109457115,3,3,3
K4_T2-5,4,eulerian,A_common_dense,x,19,0.20991507838217177,0.0006740438029541621,0.9999999999999998,2.4348491109457115,3,3,3
K4_T2-5,4,eulerian,A_common_dense,y,1,357.2378116285604,1.0,0.8827024402009296,1.4757849289584917,2,2,2
K4_T2-5,4,eulerian,A_common_dense,y,2,126.38036912577594,0.35377097555725845,0.9931760959092228,1.4757849289584917,2,2,2
K4_T2-5,4,eulerian,A_common_dense,y,3,30.519827042948904,0.08543280148262142,0.999618732322178,1.4757849289584917,2,2,2
K4_T2-5,4,eulerian,A_common_dense,y,4,6.851711949604049,0.019179694104520344,0.9999434438296598,1.4757849289584917,2,2,2
K4_T2-5,4,eulerian,A_common_dense,y,5,2.644596269776655,0.007402901327047614,0.9999918185256408,1.4757849289584917,2,2,2
K4_T2-5,4,eulerian,A_common_dense,y,6,1.087592098005165,0.0030444484391142605,0.9999999999999998,1.4757849289584917,2,2,2
K4_T2-5,4,eulerian,A_common_dense,z,1,351.1135243323532,1.0,0.8526967404249335,1.5267307866005455,2,2,2
K4_T2-5,4,eulerian,A_common_dense,z,2,145.52229269977593,0.414459377423551,0.9991700664644034,1.5267307866005455,2,2,2
K4_T2-5,4,eulerian,A_common_dense,z,3,10.953795724539658,0.031197305046475887,0.9999999721917631,1.5267307866005455,2,2,2
K4_T2-5,4,eulerian,A_common_dense,z,4,0.06340696749881808,0.00018058822319472662,0.9999999999999999,1.5267307866005455,2,2,2
K4_T2-5,4,eulerian,A_common_dense,time,1,314.2461193843191,1.0,0.6830292986193932,2.0831759279619995,2,2,3
K4_T2-5,4,eulerian,A_common_dense,time,2,203.67610754401633,0.6481419975624997,0.9699617440891946,2.0831759279619995,2,2,3
K4_T2-5,4,eulerian,A_common_dense,time,3,62.403952271556086,0.19858304819744432,0.9968971595493403,2.0831759279619995,2,2,3
K4_T2-5,4,eulerian,A_common_dense,time,4,21.18019620795966,0.0674000246986552,1.0000000000000002,2.0831759279619995,2,2,3
K4_T2-5,4,eulerian,A_common_dense,component,1,325.69892431732575,1.0,0.7337230032676865,1.9831898726141866,2,2,3
K4_T2-5,4,eulerian,A_common_dense,component,2,182.52711143285683,0.5604166848737339,0.9641610835162404,1.9831898726141866,2,2,3
K4_T2-5,4,eulerian,A_common_dense,component,3,71.98262702498437,0.2210097167986109,1.0,1.9831898726141866,2,2,3
K4_T2-5,4,storm_relative,A_common_dense,x,1,340.48995229119566,1.0,0.7637268494016914,2.027578838226722,2,3,3
K4_T2-5,4,storm_relative,A_common_dense,x,2,164.23022897851243,0.4823350230260497,0.9414056665843946,2.027578838226722,2,3,3
K4_T2-5,4,storm_relative,A_common_dense,x,3,88.76030243270382,0.26068405788607163,0.9933056243331702,2.027578838226722,2,3,3
K4_T2-5,4,storm_relative,A_common_dense,x,4,24.67500906610064,0.07246912544719658,0.9973165452532351,2.027578838226722,2,3,3
K4_T2-5,4,storm_relative,A_common_dense,x,5,17.30257124452236,0.05081668674241747,0.9992887443244353,2.027578838226722,2,3,3
K4_T2-5,4,storm_relative,A_common_dense,x,6,7.6857623241728446,0.022572655294097445,0.9996778820694483,2.027578838226722,2,3,3
K4_T2-5,4,storm_relative,A_common_dense,x,7,5.663158413963938,0.016632380414916506,0.9998891564699336,2.027578838226722,2,3,3
K4_T2-5,4,storm_relative,A_common_dense,x,8,2.552084664940358,0.007495330325512074,0.9999320626265293,2.027578838226722,2,3,3
K4_T2-5,4,storm_relative,A_common_dense,x,9,2.242129412504956,0.006585009036000657,0.9999651796128983,2.027578838226722,2,3,3
K4_T2-5,4,storm_relative,A_common_dense,x,10,1.3873112750471333,0.004074455841389027,0.9999778583877414,2.027578838226722,2,3,3
K4_T2-5,4,storm_relative,A_common_dense,x,11,1.139822149646823,0.003347594083105331,0.9999864170057253,2.027578838226722,2,3,3
K4_T2-5,4,storm_relative,A_common_dense,x,12,0.9754911472350579,0.002864963094126176,0.9999926856860389,2.027578838226722,2,3,3
K4_T2-5,4,storm_relative,A_common_dense,x,13,0.6741988105992851,0.001980084305168257,0.9999956800557538,2.027578838226722,2,3,3
K4_T2-5,4,storm_relative,A_common_dense,x,14,0.553250512710004,0.0016248658998220603,0.9999976964391275,2.027578838226722,2,3,3
K4_T2-5,4,storm_relative,A_common_dense,x,15,0.358777023029558,0.0010537081068481067,0.9999985444056398,2.027578838226722,2,3,3
K4_T2-5,4,storm_relative,A_common_dense,x,16,0.3141659426105858,0.0009226878517164086,0.9999991946066863,2.027578838226722,2,3,3
K4_T2-5,4,storm_relative,A_common_dense,x,17,0.24388241601209,0.000716269053964669,0.999999586430146,2.027578838226722,2,3,3
K4_T2-5,4,storm_relative,A_common_dense,x,18,0.1912580938799846,0.0005617143548377481,0.9999998274035452,2.027578838226722,2,3,3
K4_T2-5,4,storm_relative,A_common_dense,x,19,0.16186434950877146,0.00047538656697376184,0.9999999999999998,2.027578838226722,2,3,3
K4_T2-5,4,storm_relative,A_common_dense,y,1,370.4002865398801,1.0,0.9037994767957984,1.3980388316497556,1,2,2
K4_T2-5,4,storm_relative,A_common_dense,y,2,118.19309573739042,0.31909558397348825,0.9958261396308512,1.3980388316497556,1,2,2
K4_T2-5,4,storm_relative,A_common_dense,y,3,24.16072477800107,0.06522868814087633,0.9996716091563282,1.3980388316497556,1,2,2
K4_T2-5,4,storm_relative,A_common_dense,y,4,6.819442704725207,0.01841100817828599,0.9999779657467511,1.3980388316497556,1,2,2
K4_T2-5,4,storm_relative,A_common_dense,y,5,1.7131816155496884,0.004625216766308398,0.9999973003946747,1.3980388316497556,1,2,2
K4_T2-5,4,storm_relative,A_common_dense,y,6,0.6401553939974457,0.0017282799642988984,0.9999999999999997,1.3980388316497556,1,2,2
K4_T2-5,4,storm_relative,A_common_dense,z,1,366.79217084279907,1.0,0.8862771895393109,1.4307467076196494,2,2,2
K4_T2-5,4,storm_relative,A_common_dense,z,2,131.01720178032815,0.35719737822997294,0.9993572669182169,1.4307467076196494,2,2,2
K4_T2-5,4,storm_relative,A_common_dense,z,3,9.877416734441558,0.026929191841106263,0.9999999786275763,1.4307467076196494,2,2,2
K4_T2-5,4,storm_relative,A_common_dense,z,4,0.05695897404830809,0.00015528950336488983,0.9999999999999999,1.4307467076196494,2,2,2
K4_T2-5,4,storm_relative,A_common_dense,time,1,366.24986148557036,1.0,0.8836583708402072,1.5184605465758874,2,2,3
K4_T2-5,4,storm_relative,A_common_dense,time,2,122.12618286719052,0.33345045475737906,0.9819116432729253,1.5184605465758874,2,2,3
K4_T2-5,4,storm_relative,A_common_dense,time,3,48.11855095133521,0.13138175877025143,0.9971646175743112,1.5184605465758874,2,2,3
K4_T2-5,4,storm_relative,A_common_dense,time,4,20.74632097564984,0.056645266407745004,1.0,1.5184605465758874,2,2,3
K4_T2-5,4,storm_relative,A_common_dense,component,1,343.19987497539836,1.0,0.7759320655790463,1.8319135620528135,2,2,3
K4_T2-5,4,storm_relative,A_common_dense,component,2,174.8617227350742,0.5095040397308095,0.9773596585916382,1.8319135620528135,2,2,3
K4_T2-5,4,storm_relative,A_common_dense,component,3,58.624176741202646,0.17081642802289776,1.0,1.8319135620528135,2,2,3
K4_T3-6,4,eulerian,A_common_dense,x,1,398.70931584698826,1.0,0.9168354387814858,1.4055311233720167,1,2,3
K4_T3-6,4,eulerian,A_common_dense,x,2,100.20011851450458,0.2513112047599062,0.9747403094776108,1.4055311233720167,1,2,3
K4_T3-6,4,eulerian,A_common_dense,x,3,65.49892093867861,0.1642773778674762,0.9994829996127021,1.4055311233720167,1,2,3
K4_T3-6,4,eulerian,A_common_dense,x,4,8.11284285129832,0.02034776346788889,0.9998625983446368,1.4055311233720167,1,2,3
K4_T3-6,4,eulerian,A_common_dense,x,5,4.324678496155605,0.010846695385003938,0.9999704647681884,1.4055311233720167,1,2,3
K4_T3-6,4,eulerian,A_common_dense,x,6,1.8081361164917478,0.0045349733367796505,0.9999893203903878,1.4055311233720167,1,2,3
K4_T3-6,4,eulerian,A_common_dense,x,7,1.0788251736007044,0.0027057937467774708,0.9999960328358392,1.4055311233720167,1,2,3
K4_T3-6,4,eulerian,A_common_dense,x,8,0.7176576378378191,0.001799952018460569,0.9999990032242947,1.4055311233720167,1,2,3
K4_T3-6,4,eulerian,A_common_dense,x,9,0.4157281276557606,0.001042684760883048,1.0000000000000002,1.4055311233720167,1,2,3
K4_T3-6,4,eulerian,A_common_dense,y,1,342.3888609516944,1.0,0.676110810645326,2.077257500025281,2,2,3
K4_T3-6,4,eulerian,A_common_dense,y,2,227.74241096936478,0.665157185126696,0.9752452757571003,2.077257500025281,2,2,3
K4_T3-6,4,eulerian,A_common_dense,y,3,59.658549515050765,0.17424208646632236,0.9957722059766448,2.077257500025281,2,2,3
K4_T3-6,4,eulerian,A_common_dense,y,4,24.215105260871244,0.07072398673707907,0.9991540326732412,2.077257500025281,2,2,3
K4_T3-6,4,eulerian,A_common_dense,y,5,11.36047689136383,0.033180042305659616,0.9998983733465718,2.077257500025281,2,2,3
K4_T3-6,4,eulerian,A_common_dense,y,6,3.316429319518835,0.009686148405355774,0.9999618070573386,2.077257500025281,2,2,3
K4_T3-6,4,eulerian,A_common_dense,y,7,2.106567314147805,0.006152557966671141,0.9999874005353658,2.077257500025281,2,2,3
K4_T3-6,4,eulerian,A_common_dense,y,8,1.2321544583797743,0.0035986990200408756,0.9999961565994485,2.077257500025281,2,2,3
K4_T3-6,4,eulerian,A_common_dense,y,9,0.6803989504561057,0.001987211115936681,0.9999988265664617,2.077257500025281,2,2,3
K4_T3-6,4,eulerian,A_common_dense,y,10,0.45106583689146457,0.001317408036107526,0.9999999999999998,2.077257500025281,2,2,3
K4_T3-6,4,eulerian,A_common_dense,z,1,306.0761654622123,1.0,0.5403033365405607,2.0596220388873907,2,2,2
K4_T3-6,4,eulerian,A_common_dense,z,2,280.4381374047999,0.9162364438972375,0.993882163704481,2.0596220388873907,2,2,2
K4_T3-6,4,eulerian,A_common_dense,z,3,32.52025136724623,0.10624888520194536,0.9999815538453819,2.0596220388873907,2,2,2
K4_T3-6,4,eulerian,A_common_dense,z,4,1.7883956689389915,0.005842975934562876,0.9999999999999998,2.0596220388873907,2,2,2
K4_T3-6,4,eulerian,A_common_dense,z,5,3.974549089194898e-06,1.2985490337651234e-08,0.9999999999999999,2.0596220388873907,2,2,2
K4_T3-6,4,eulerian,A_common_dense,z,6,3.588490321111236e-06,1.1724174326648984e-08,1.0,2.0596220388873907,2,2,2
K4_T3-6,4,eulerian,A_common_dense,time,1,367.3789746157802,1.0,0.7784078752303764,1.843573110010682,2,2,3
K4_T3-6,4,eulerian,A_common_dense,time,2,185.38496774196918,0.5046150720406695,0.9766188316828465,1.843573110010682,2,2,3
K4_T3-6,4,eulerian,A_common_dense,time,3,60.0645787743044,0.16349487293637957,0.9974261205863649,1.843573110010682,2,2,3
K4_T3-6,4,eulerian,A_common_dense,time,4,21.125392432211473,0.05750299797179538,0.9999999999999999,1.843573110010682,2,2,3
K4_T3-6,4,eulerian,A_common_dense,component,1,372.97748631499854,1.0,0.8023130589950439,1.8032829257890581,2,2,3
K4_T3-6,4,eulerian,A_common_dense,component,2,167.9082152505543,0.4501832454003597,0.96491379854225,1.8032829257890581,2,2,3
K4_T3-6,4,eulerian,A_common_dense,component,3,77.99717326096406,0.20912032528175564,0.9999999999999999,1.8032829257890581,2,2,3
K4_T3-6,4,storm_relative,A_common_dense,x,1,400.433601529162,1.0,0.9180600492231226,1.3724602093273632,1,2,3
K4_T3-6,4,storm_relative,A_common_dense,x,2,112.05685151118564,0.2798387824679717,0.9899530968133811,1.3724602093273632,1,2,3
K4_T3-6,4,storm_relative,A_common_dense,x,3,40.695496236758,0.10162857482826476,0.9994351581332599,1.3724602093273632,1,2,3
K4_T3-6,4,storm_relative,A_common_dense,x,4,8.521478918159426,0.02128062901219552,0.9998509155545816,1.3724602093273632,1,2,3
K4_T3-6,4,storm_relative,A_common_dense,x,5,4.310849494024641,0.010765453941833347,0.999957314122677,1.3724602093273632,1,2,3
K4_T3-6,4,storm_relative,A_common_dense,x,6,2.1487931017552766,0.0053661658101356625,0.9999837503370292,1.3724602093273632,1,2,3
K4_T3-6,4,storm_relative,A_common_dense,x,7,1.275398378208445,0.003185043346357543,0.9999930635982252,1.3724602093273632,1,2,3
K4_T3-6,4,storm_relative,A_common_dense,x,8,0.9581017118396326,0.002392660626333222,0.9999983193312296,1.3724602093273632,1,2,3
K4_T3-6,4,storm_relative,A_common_dense,x,9,0.5417962988584845,0.0013530240638884737,1.0,1.3724602093273632,1,2,3
K4_T3-6,4,storm_relative,A_common_dense,y,1,362.03533548132333,1.0,0.7504331038893117,1.844698966763426,2,2,3
K4_T3-6,4,storm_relative,A_common_dense,y,2,204.44435610952505,0.5647082924591263,0.9897428104304804,1.844698966763426,2,2,3
K4_T3-6,4,storm_relative,A_common_dense,y,3,36.554339148848875,0.1009689816610032,0.997393277253216,1.844698966763426,2,2,3
K4_T3-6,4,storm_relative,A_common_dense,y,4,17.87736363530854,0.049380162330123704,0.9992231336577387,1.844698966763426,2,2,3
K4_T3-6,4,storm_relative,A_common_dense,y,5,11.18186870772533,0.030886125225481426,0.9999390113669601,1.844698966763426,2,2,3
K4_T3-6,4,storm_relative,A_common_dense,y,6,2.6850000411665005,0.007416403256872185,0.9999802874669408,1.844698966763426,2,2,3
K4_T3-6,4,storm_relative,A_common_dense,y,7,1.3701049834743773,0.003784450989163344,0.9999910352218517,1.844698966763426,2,2,3
K4_T3-6,4,storm_relative,A_common_dense,y,8,1.0054680049523264,0.0027772648313888035,0.9999968234624264,1.844698966763426,2,2,3
K4_T3-6,4,storm_relative,A_common_dense,y,9,0.6361683502756357,0.0017571996098940301,0.9999991406125949,1.844698966763426,2,2,3
K4_T3-6,4,storm_relative,A_common_dense,y,10,0.38742662300241515,0.0010701348322459583,0.9999999999999999,1.844698966763426,2,2,3
K4_T3-6,4,storm_relative,A_common_dense,z,1,342.7131010035789,1.0,0.6724677720973836,1.9369513634280169,2,2,2
K4_T3-6,4,storm_relative,A_common_dense,z,2,237.1048545519314,0.6918464857561875,0.9943455201627934,1.9369513634280169,2,2,2
K4_T3-6,4,storm_relative,A_common_dense,z,3,31.366803532879747,0.09152496196097326,0.9999786607456639,1.9369513634280169,2,2,2
K4_T3-6,4,storm_relative,A_common_dense,z,4,1.9305657122775108,0.005633183285448286,1.0,1.9369513634280169,2,2,2
K4_T3-6,4,storm_relative,A_common_dense,z,5,3.7745817741151584e-06,1.1013823991735118e-08,1.0,1.9369513634280169,2,2,2
K4_T3-6,4,storm_relative,A_common_dense,z,6,2.910389654581926e-06,8.492204254985668e-09,1.0,1.9369513634280169,2,2,2
K4_T3-6,4,storm_relative,A_common_dense,time,1,408.11896285986984,1.0,0.9536381378046985,1.2387458470001593,1,1,2
K4_T3-6,4,storm_relative,A_common_dense,time,2,81.12663636657553,0.19878183507594294,0.9913204030332193,1.2387458470001593,1,1,2
K4_T3-6,4,storm_relative,A_common_dense,time,3,35.26749726331075,0.08641474783767905,0.9984417040703806,1.2387458470001593,1,1,2
K4_T3-6,4,storm_relative,A_common_dense,time,4,16.497568373354127,0.04042343011397554,0.9999999999999999,1.2387458470001593,1,1,2
K4_T3-6,4,storm_relative,A_common_dense,component,1,380.09658572877544,1.0,0.8271761413871146,1.6490704339492281,2,2,3
K4_T3-6,4,storm_relative,A_common_dense,component,2,168.32282821786572,0.4428422525688653,0.9893930429103538,1.6490704339492281,2,2,3
K4_T3-6,4,storm_relative,A_common_dense,component,3,43.04179500773488,0.11323909928106565,0.9999999999999999,1.6490704339492281,2,2,3
K5_T1-5,5,eulerian,A_common_dense,x,1,420.2770204713989,1.0,0.9156144928192645,1.4146323963225869,1,2,3
K5_T1-5,5,eulerian,A_common_dense,x,2,105.98147289020241,0.25217051546460834,0.9738383899142752,1.4146323963225869,1,2,3
K5_T1-5,5,eulerian,A_common_dense,x,3,69.59544109279295,0.1655942097779508,0.9989458599091351,1.4146323963225869,1,2,3
K5_T1-5,5,eulerian,A_common_dense,x,4,12.429996033496069,0.029575721317225735,0.9997467692319788,1.4146323963225869,1,2,3
K5_T1-5,5,eulerian,A_common_dense,x,5,5.496216850050937,0.013077604966091576,0.9999033610576051,1.4146323963225869,1,2,3
K5_T1-5,5,eulerian,A_common_dense,x,6,3.4911605338805267,0.008306808042858747,0.9999665412592627,1.4146323963225869,1,2,3
K5_T1-5,5,eulerian,A_common_dense,x,7,1.8491516625578486,0.004399840039990216,0.9999842662670041,1.4146323963225869,1,2,3
K5_T1-5,5,eulerian,A_common_dense,x,8,1.2102060174994782,0.0028795436308700975,0.9999918583331808,1.4146323963225869,1,2,3
K5_T1-5,5,eulerian,A_common_dense,x,9,0.9104228237698276,0.0021662445944550155,0.9999961549600728,1.4146323963225869,1,2,3
K5_T1-5,5,eulerian,A_common_dense,x,10,0.679708194042098,0.001617286125422016,0.9999985498545355,1.4146323963225869,1,2,3
K5_T1-5,5,eulerian,A_common_dense,x,11,0.4054469608841848,0.0009647136082515762,0.9999994019916235,1.4146323963225869,1,2,3
K5_T1-5,5,eulerian,A_common_dense,x,12,0.33965104038694316,0.0008081599132067165,1.0,1.4146323963225869,1,2,3
K5_T1-5,5,eulerian,A_common_dense,y,1,422.73586007908455,1.0,0.9263594769766585,1.328321431237503,1,2,2
K5_T1-5,5,eulerian,A_common_dense,y,2,114.85812173583427,0.2717018653547557,0.9947450970194862,1.328321431237503,1,2,2
K5_T1-5,5,eulerian,A_common_dense,y,3,30.087739225840984,0.07117385125598816,0.9994377720651713,1.328321431237503,1,2,2
K5_T1-5,5,eulerian,A_common_dense,y,4,9.808906910714411,0.02320339445269531,0.9999365217047638,1.328321431237503,1,2,2
K5_T1-5,5,eulerian,A_common_dense,y,5,3.1461331743286056,0.0074423143892737974,0.9999878309437423,1.328321431237503,1,2,2
K5_T1-5,5,eulerian,A_common_dense,y,6,1.2586214180197206,0.002977323517773629,0.999996042615945,1.328321431237503,1,2,2
K5_T1-5,5,eulerian,A_common_dense,y,7,0.8737424083523714,0.0020668755382827315,0.9999999999999999,1.328321431237503,1,2,2
K5_T1-5,5,eulerian,A_common_dense,z,1,420.57487852707317,1.0,0.916912778384485,1.3333801931268756,1,2,2
K5_T1-5,5,eulerian,A_common_dense,z,2,126.4428724063877,0.3006429505471482,0.9997890252209796,1.3333801931268756,1,2,2
K5_T1-5,5,eulerian,A_common_dense,z,3,6.379141984744975,0.015167672418014711,0.9999999686037182,1.3333801931268756,1,2,2
K5_T1-5,5,eulerian,A_common_dense,z,4,0.07782487361750433,0.00018504403755654797,0.9999999999999999,1.3333801931268756,1,2,2
K5_T1-5,5,eulerian,A_common_dense,time,1,400.6770087959676,1.0,0.8322047969418341,1.7459736923887539,2,2,3
K5_T1-5,5,eulerian,A_common_dense,time,2,159.61344044513837,0.39835936912071884,0.9642675317627498,1.7459736923887539,2,2,3
K5_T1-5,5,eulerian,A_common_dense,time,3,75.73992539380612,0.18902987626218987,0.9940041183348997,1.7459736923887539,2,2,3
K5_T1-5,5,eulerian,A_common_dense,time,4,32.35305574839053,0.08074597503263614,0.9994300207797013,1.7459736923887539,2,2,3
K5_T1-5,5,eulerian,A_common_dense,time,5,10.485975218237462,0.02617064365571602,1.0,1.7459736923887539,2,2,3
K5_T1-5,5,eulerian,A_common_dense,component,1,418.4451077300649,1.0,0.9076498876109603,1.4143739602069225,1,2,3
K5_T1-5,5,eulerian,A_common_dense,component,2,123.18862277082778,0.29439613582552776,0.9863150726790433,1.4143739602069225,1,2,3
K5_T1-5,5,eulerian,A_common_dense,component,3,51.380764651898296,0.1227897368202559,0.9999999999999999,1.4143739602069225,1,2,3
K5_T1-5,5,storm_relative,A_common_dense,x,1,486.58869364441995,1.0,0.9475756409700541,1.2478252244547774,1,2,2
K5_T1-5,5,storm_relative,A_common_dense,x,2,110.37363665414658,0.22683148641921247,0.996330798650337,1.2478252244547774,1,2,2
K5_T1-5,5,storm_relative,A_common_dense,x,3,27.00352599577685,0.05549558867372692,0.999249104549624,1.2478252244547774,1,2,2
K5_T1-5,5,storm_relative,A_common_dense,x,4,11.626902118658025,0.023894723141994156,0.9997901302472713,1.2478252244547774,1,2,2
K5_T1-5,5,storm_relative,A_common_dense,x,5,5.716301929798537,0.011747708083771851,0.9999209038777265,1.2478252244547774,1,2,2
K5_T1-5,5,storm_relative,A_common_dense,x,6,3.8227614866612463,0.007856248072740407,0.999979388846842,1.2478252244547774,1,2,2
K5_T1-5,5,storm_relative,A_common_dense,x,7,1.6852010610068737,0.0034632967905299356,0.9999907544714766,1.2478252244547774,1,2,2
K5_T1-5,5,storm_relative,A_common_dense,x,8,1.0654237826778743,0.002189577761657661,0.999995297386727,1.2478252244547774,1,2,2
K5_T1-5,5,storm_relative,A_common_dense,x,9,0.8233261637978758,0.0016920371857212335,0.9999980102861576,1.2478252244547774,1,2,2
K5_T1-5,5,storm_relative,A_common_dense,x,10,0.6114546767773006,0.0012566150524330264,0.999999506585218,1.2478252244547774,1,2,2
K5_T1-5,5,storm_relative,A_common_dense,x,11,0.29305990200043175,0.0006022743763433774,0.9999998503035227,1.2478252244547774,1,2,2
K5_T1-5,5,storm_relative,A_common_dense,x,12,0.19340195491028686,0.0003974649584678132,0.9999999999999999,1.2478252244547774,1,2,2
K5_T1-5,5,storm_relative,A_common_dense,y,1,492.79667427476863,1.0,0.9719085384050659,1.145629831696255,1,1,2
K5_T1-5,5,storm_relative,A_common_dense,y,2,80.70213228428892,0.1637635489384245,0.9979736675042881,1.145629831696255,1,1,2
K5_T1-5,5,storm_relative,A_common_dense,y,3,21.548666823973942,0.04372729758309824,0.9998320310331279,1.145629831696255,1,1,2
K5_T1-5,5,storm_relative,A_common_dense,y,4,6.237750380493339,0.012657858110899825,0.9999877515525666,1.145629831696255,1,1,2
K5_T1-5,5,storm_relative,A_common_dense,y,5,1.5007861165734275,0.003045446925513613,0.9999967657583442,1.145629831696255,1,1,2
K5_T1-5,5,storm_relative,A_common_dense,y,6,0.8241298530541564,0.0016723527086845687,0.9999994839567496,1.145629831696255,1,1,2
K5_T1-5,5,storm_relative,A_common_dense,y,7,0.35908570836690995,0.0007286690984580276,1.0,1.145629831696255,1,1,2
K5_T1-5,5,storm_relative,A_common_dense,z,1,492.5253332850668,1.0,0.9708385392154388,1.141980266396349,1,1,2
K5_T1-5,5,storm_relative,A_common_dense,z,2,85.13887136005036,0.17286191309630194,0.9998483995771568,1.141980266396349,1,1,2
K5_T1-5,5,storm_relative,A_common_dense,z,3,6.154326293336762,0.012495451253823576,0.9999999827165446,1.141980266396349,1,1,2
K5_T1-5,5,storm_relative,A_common_dense,z,4,0.0657158841608831,0.00013342640412538468,0.9999999999999999,1.141980266396349,1,1,2
K5_T1-5,5,storm_relative,A_common_dense,time,1,487.3235652819529,1.0,0.9504399586225245,1.254548246532687,1,1,2
K5_T1-5,5,storm_relative,A_common_dense,time,2,100.13592809307411,0.20548139927347459,0.9905700099968724,1.254548246532687,1,1,2
K5_T1-5,5,storm_relative,A_common_dense,time,3,44.12293523356401,0.09054135358308726,0.9983614665350473,1.254548246532687,1,1,2
K5_T1-5,5,storm_relative,A_common_dense,time,4,15.963153746858206,0.032756786012640975,0.9993812952921262,1.254548246532687,1,1,2
K5_T1-5,5,storm_relative,A_common_dense,time,5,12.43359680002511,0.025514047925901864,1.0,1.254548246532687,1,1,2
K5_T1-5,5,storm_relative,A_common_dense,component,1,484.21031927824794,1.0,0.9383350573262034,1.2864149609842543,1,2,2
K5_T1-5,5,storm_relative,A_common_dense,component,2,117.61912852393111,0.24290917364018863,0.9937013922460209,1.2864149609842543,1,2,2
K5_T1-5,5,storm_relative,A_common_dense,component,3,39.67138394938955,0.0819300671008473,1.0,1.2864149609842543,1,2,2
K5_T2-6,5,eulerian,A_common_dense,x,1,327.6459975318516,1.0,0.6543499930821043,2.3969028117427187,2,3,3
K5_T2-6,5,eulerian,A_common_dense,x,2,203.97127474940226,0.6225355300718224,0.9079436510472214,2.3969028117427187,2,3,3
K5_T2-6,5,eulerian,A_common_dense,x,3,118.53913239847164,0.3617902653822226,0.9935929586763385,2.3969028117427187,2,3,3
K5_T2-6,5,eulerian,A_common_dense,x,4,25.617794022853484,0.07818741634517629,0.9975931782161497,2.3969028117427187,2,3,3
K5_T2-6,5,eulerian,A_common_dense,x,5,18.086021053788965,0.05519988399074144,0.9995870004385428,2.3969028117427187,2,3,3
K5_T2-6,5,eulerian,A_common_dense,x,6,6.321224340278031,0.019292847731684933,0.9998305586495917,2.3969028117427187,2,3,3
K5_T2-6,5,eulerian,A_common_dense,x,7,3.4375061972206655,0.010491525070091826,0.9999025843263505,2.3969028117427187,2,3,3
K5_T2-6,5,eulerian,A_common_dense,x,8,2.53980509833438,0.007751674421377532,0.9999419032073377,2.3969028117427187,2,3,3
K5_T2-6,5,eulerian,A_common_dense,x,9,2.355059653529265,0.00718781755696656,0.9999757100173186,2.3969028117427187,2,3,3
K5_T2-6,5,eulerian,A_common_dense,x,10,1.3152412649279985,0.004014214349742329,0.999986254158695,2.3969028117427187,2,3,3
K5_T2-6,5,eulerian,A_common_dense,x,11,1.0187226827212077,0.003109217540867943,0.9999925799130105,2.3969028117427187,2,3,3
K5_T2-6,5,eulerian,A_common_dense,x,12,0.6597809924074287,0.0020137007544042684,0.9999952332961655,2.3969028117427187,2,3,3
K5_T2-6,5,eulerian,A_common_dense,x,13,0.5126203253954942,0.001564555432561512,0.9999968350361311,2.3969028117427187,2,3,3
K5_T2-6,5,eulerian,A_common_dense,x,14,0.4427782154326306,0.0013513921084587232,0.9999980300497623,2.3969028117427187,2,3,3
K5_T2-6,5,eulerian,A_common_dense,x,15,0.3706695919036887,0.0011313112160561479,0.9999988675294604,2.3969028117427187,2,3,3
K5_T2-6,5,eulerian,A_common_dense,x,16,0.3654247986463188,0.0011153037162030177,0.9999996814769738,2.3969028117427187,2,3,3
K5_T2-6,5,eulerian,A_common_dense,x,17,0.22859684527257162,0.0006976946063574267,1.0000000000000002,2.3969028117427187,2,3,3
K5_T2-6,5,eulerian,A_common_dense,y,1,377.38052086507605,1.0,0.8680791538863214,1.5248524013877958,2,2,2
K5_T2-6,5,eulerian,A_common_dense,y,2,142.60409942282,0.3778788027954546,0.992034250633541,1.5248524013877958,2,2,2
K5_T2-6,5,eulerian,A_common_dense,y,3,35.215796045156885,0.09331641168026132,0.9995934428357861,1.5248524013877958,2,2,2
K5_T2-6,5,eulerian,A_common_dense,y,4,7.560748448247646,0.020034813749570352,0.999941884393061,1.5248524013877958,2,2,2
K5_T2-6,5,eulerian,A_common_dense,y,5,2.8748861518476843,0.007618003561120568,0.9999922624798032,1.5248524013877958,2,2,2
K5_T2-6,5,eulerian,A_common_dense,y,6,1.126680333853234,0.002985528588678941,0.9999999999999999,1.5248524013877958,2,2,2
K5_T2-6,5,eulerian,A_common_dense,z,1,365.5021921413334,1.0,0.8142923225252514,1.6254176182058884,2,2,2
K5_T2-6,5,eulerian,A_common_dense,z,2,174.11329099973796,0.4763672961294069,0.9990762599172089,1.6254176182058884,2,2,2
K5_T2-6,5,eulerian,A_common_dense,z,3,12.306075344425567,0.03366895085451914,0.9999993402703508,1.6254176182058884,2,2,2
K5_T2-6,5,eulerian,A_common_dense,z,4,0.3289900908115915,0.0009001042890718878,1.0,1.6254176182058884,2,2,2
K5_T2-6,5,eulerian,A_common_dense,time,1,302.2212733353235,1.0,0.5567374425523327,2.5130477060461054,2,3,4
K5_T2-6,5,eulerian,A_common_dense,time,2,246.7586317880777,0.8164833304579843,0.9278836910411199,2.5130477060461054,2,3,4
K5_T2-6,5,eulerian,A_common_dense,time,3,98.96919649373912,0.3274726342110598,0.9875872824894337,2.5130477060461054,2,3,4
K5_T2-6,5,eulerian,A_common_dense,time,4,42.06130138556102,0.13917386066629653,0.9983709323842604,2.5130477060461054,2,3,4
K5_T2-6,5,eulerian,A_common_dense,time,5,16.348178508029942,0.05409340754742686,1.0,2.5130477060461054,2,3,4
K5_T2-6,5,eulerian,A_common_dense,component,1,337.74816383342204,1.0,0.6953226254886344,2.106254018534102,2,2,3
K5_T2-6,5,eulerian,A_common_dense,component,2,205.81364334898143,0.6093701325064466,0.9535181377248483,2.106254018534102,2,2,3
K5_T2-6,5,eulerian,A_common_dense,component,3,87.32559949013925,0.2585524033617201,1.0,2.106254018534102,2,2,3
K5_T2-6,5,storm_relative,A_common_dense,x,1,342.801742534248,1.0,0.7773272041858683,2.0013099791924365,2,3,3
K5_T2-6,5,storm_relative,A_common_dense,x,2,154.0282570216432,0.4493216862987645,0.9342617761654721,2.0013099791924365,2,3,3
K5_T2-6,5,storm_relative,A_common_dense,x,3,94.30535735220434,0.27510174439321194,0.9930906528054531,2.0013099791924365,2,3,3
K5_T2-6,5,storm_relative,A_common_dense,x,4,27.193410274160627,0.07932693128432344,0.9979821879184985,2.0013099791924365,2,3,3
K5_T2-6,5,storm_relative,A_common_dense,x,5,14.060567116631054,0.04101661506351975,0.9992899342212758,2.0013099791924365,2,3,3
K5_T2-6,5,storm_relative,A_common_dense,x,6,7.991406489809794,0.023312035787015885,0.9997123734774617,2.0013099791924365,2,3,3
K5_T2-6,5,storm_relative,A_common_dense,x,7,5.106872842855002,0.014897452985802119,0.9998848888951757,2.0013099791924365,2,3,3
K5_T2-6,5,storm_relative,A_common_dense,x,8,2.7126604896597923,0.007913205077680669,0.9999335642032593,2.0013099791924365,2,3,3
K5_T2-6,5,storm_relative,A_common_dense,x,9,2.3866995675245124,0.006962332075327962,0.9999712444149567,2.0013099791924365,2,3,3
K5_T2-6,5,storm_relative,A_common_dense,x,10,1.2578210544971853,0.0036692376333866544,0.9999817098080439,2.0013099791924365,2,3,3
K5_T2-6,5,storm_relative,A_common_dense,x,11,1.1548490065085013,0.0033688539561409167,0.9999905318320539,2.0013099791924365,2,3,3
K5_T2-6,5,storm_relative,A_common_dense,x,12,0.74633706436667,0.0021771682338869863,0.9999942164108219,2.0013099791924365,2,3,3
K5_T2-6,5,storm_relative,A_common_dense,x,13,0.6350410958990833,0.0018525025316510426,0.9999968840156043,2.0013099791924365,2,3,3
K5_T2-6,5,storm_relative,A_common_dense,x,14,0.49439511835586586,0.0014422188017509064,0.9999985008523584,2.0013099791924365,2,3,3
K5_T2-6,5,storm_relative,A_common_dense,x,15,0.3267667368061845,0.0009532236749745767,0.9999992071593538,2.0013099791924365,2,3,3
K5_T2-6,5,storm_relative,A_common_dense,x,16,0.2800599619625558,0.0008169735658055358,0.999999725983137,2.0013099791924365,2,3,3
K5_T2-6,5,storm_relative,A_common_dense,x,17,0.20353060927436925,0.0005937268806445326,1.0000000000000004,2.0013099791924365,2,3,3
K5_T2-6,5,storm_relative,A_common_dense,y,1,363.1289680301857,1.0,0.8722472645931446,1.4963074641681844,2,2,2
K5_T2-6,5,storm_relative,A_common_dense,y,2,136.4862560021058,0.37586165802878096,0.9954713679244775,1.4963074641681844,2,2,2
K5_T2-6,5,storm_relative,A_common_dense,y,3,25.125369242113393,0.06919131067512302,0.9996471971646614,1.4963074641681844,2,2,2
K5_T2-6,5,storm_relative,A_common_dense,y,4,7.046356964019024,0.019404557565986538,0.9999756304058708,1.4963074641681844,2,2,2
K5_T2-6,5,storm_relative,A_common_dense,y,5,1.8049611207628529,0.004970578719053921,0.9999971807161948,1.4963074641681844,2,2,2
K5_T2-6,5,storm_relative,A_common_dense,y,6,0.65284560638725,0.0017978340035184994,1.0,1.4963074641681844,2,2,2
K5_T2-6,5,storm_relative,A_common_dense,z,1,358.29674653527286,1.0,0.849187425294216,1.5354821971953787,2,2,2
K5_T2-6,5,storm_relative,A_common_dense,z,2,150.6185086207631,0.4203736430130697,0.999250731746937,1.5354821971953787,2,2,2
K5_T2-6,5,storm_relative,A_common_dense,z,3,10.637051034679178,0.029687824791989854,0.9999991774702023,1.5354821971953787,2,2,2
K5_T2-6,5,storm_relative,A_common_dense,z,4,0.3526280921105989,0.0009841788839014315,1.0,1.5354821971953787,2,2,2
K5_T2-6,5,storm_relative,A_common_dense,time,1,355.1161770990353,1.0,0.8341780132925231,1.7260780356436327,2,2,3
K5_T2-6,5,storm_relative,A_common_dense,time,2,143.96248601834205,0.40539546014034045,0.9712713985437695,1.7260780356436327,2,2,3
K5_T2-6,5,storm_relative,A_common_dense,time,3,56.44239419195565,0.15894064487018544,0.9923445107839761,1.7260780356436327,2,2,3
K5_T2-6,5,storm_relative,A_common_dense,time,4,30.893816273115725,0.08699636419126018,0.9986578764509766,1.7260780356436327,2,2,3
K5_T2-6,5,storm_relative,A_common_dense,time,5,14.244176148107927,0.04011131304822391,1.0,1.7260780356436327,2,2,3
K5_T2-6,5,storm_relative,A_common_dense,component,1,341.1496025476905,1.0,0.769852571154039,1.8524723181003964,2,2,3
K5_T2-6,5,storm_relative,A_common_dense,component,2,176.51316667975112,0.5174069245913183,0.9759497457122389,1.8524723181003964,2,2,3
K5_T2-6,5,storm_relative,A_common_dense,component,3,60.29772457090956,0.1767486291076078,1.0,1.8524723181003964,2,2,3
