mask,K,start_index,height_m,union_count,intersection_count,intersection_fraction_of_level
observation_samples,3,0,500.0,26788,23006,0.2847206752308111
observation_samples,3,0,1263.157894736842,27569,24046,0.2975916437711938
observation_samples,3,0,2026.3157894736842,28299,24828,0.30726962203905844
observation_samples,3,0,2789.4736842105262,27827,23273,0.2880250488849286
observation_samples,3,0,3552.6315789473683,21561,16777,0.20763099923269226
observation_samples,3,0,4315.78947368421,17532,13884,0.17182743001410855
observation_samples,3,0,5078.9473684210525,15578,12176,0.1506893393727878
observation_samples,3,0,5842.105263157895,12295,9384,0.11613573921437588
observation_samples,3,0,6605.263157894737,7622,5308,0.0656914432811069
observation_samples,3,0,7368.421052631578,2288,1026,0.01269770550233905
observation_samples,3,0,8131.578947368421,146,37,0.0004579094576866909
observation_samples,3,0,8894.736842105263,9,0,0.0
observation_samples,3,0,9657.894736842105,0,0,0.0
observation_samples,3,0,10421.052631578947,0,0,0.0
observation_samples,3,0,11184.21052631579,0,0,0.0
observation_samples,3,0,11947.368421052632,0,0,0.0
observation_samples,3,0,12710.526315789473,0,0,0.0
observation_samples,3,0,13473.684210526315,0,0,0.0
observation_samples,3,0,14236.842105263157,0,0,0.0
observation_samples,3,0,15000.0,0,0,0.0
observation_samples,3,1,500.0,26950,23399,0.2895844162273211
observation_samples,3,1,1263.157894736842,27771,24397,0.3019355956535729
observation_samples,3,1,2026.3157894736842,28504,25169,0.3114898146085493
observation_samples,3,1,2789.4736842105262,27993,23609,0.29218336179797527
observation_samples,3,1,3552.6315789473683,21463,17208,0.21296502561817776
observation_samples,3,1,4315.78947368421,17537,14465,0.1790178460929185
observation_samples,3,1,5078.9473684210525,15811,12767,0.158003514764486
observation_samples,3,1,5842.105263157895,12459,9787,0.12112323952377417
observation_samples,3,1,6605.263157894737,7709,5492,0.06796861463825153
observation_samples,3,1,7368.421052631578,2293,1145,0.01417044132570976
observation_samples,3,1,8131.578947368421,138,36,0.00044553352639786146
observation_samples,3,1,8894.736842105263,7,0,0.0
observation_samples,3,1,9657.894736842105,0,0,0.0
observation_samples,3,1,10421.052631578947,0,0,0.0
observation_samples,3,1,11184.21052631579,0,0,0.0
observation_samples,3,1,11947.368421052632,0,0,0.0
observation_samples,3,1,12710.526315789473,0,0,0.0
observation_samples,3,1,13473.684210526315,0,0,0.0
observation_samples,3,1,14236.842105263157,0,0,0.0
observation_samples,3,1,15000.0,0,0,0.0
observation_samples,3,2,500.0,27052,23677,0.2930249251256157
observation_samples,3,2,1263.157894736842,27864,24651,0.3050790822009356
observation_samples,3,2,2026.3157894736842,28539,25324,0.3134080839583179
observation_samples,3,2,2789.4736842105262,27954,23816,0.294745179574763
observation_samples,3,2,3552.6315789473683,21468,17418,0.21556397118883197
observation_samples,3,2,4315.78947368421,17675,14738,0.18239647533476894
observation_samples,3,2,5078.9473684210525,16074,13221,0.1636221875696146
observation_samples,3,2,5842.105263157895,12707,10121,0.1252568005742432
observation_samples,3,2,6605.263157894737,7899,5626,0.06962698943095467
observation_samples,3,2,7368.421052631578,2347,1157,0.014318952501175713
observation_samples,3,2,8131.578947368421,143,38,0.0004702853889755204
observation_samples,3,2,8894.736842105263,2,0,0.0
observation_samples,3,2,9657.894736842105,0,0,0.0
observation_samples,3,2,10421.052631578947,0,0,0.0
observation_samples,3,2,11184.21052631579,0,0,0.0
observation_samples,3,2,11947.368421052632,0,0,0.0
observation_samples,3,2,12710.526315789473,0,0,0.0
observation_samples,3,2,13473.684210526315,0,0,0.0
observation_samples,3,2,14236.842105263157,0,0,0.0
observation_samples,3,2,15000.0,0,0,0.0
observation_samples,3,3,500.0,27213,23994,0.29694809534417466
observation_samples,3,3,1263.157894736842,27983,24962,0.3089279968317616
observation_samples,3,3,2026.3157894736842,28525,25641,0.3173312541768768
observation_samples,3,3,2789.4736842105262,27927,24173,0.2991633870448751
observation_samples,3,3,3552.6315789473683,21591,17830,0.2206628548798297
observation_samples,3,3,4315.78947368421,17843,15171,0.1877552535828321
observation_samples,3,3,5078.9473684210525,16366,13717,0.16976064948887404
observation_samples,3,3,5842.105263157895,13027,10454,0.12937798569342343
observation_samples,3,3,6605.263157894737,8035,5801,0.07179277740649984
observation_samples,3,3,7368.421052631578,2379,1130,0.013984802356377318
observation_samples,3,3,8131.578947368421,163,37,0.0004579094576866909
observation_samples,3,3,8894.736842105263,24,0,0.0
observation_samples,3,3,9657.894736842105,8,0,0.0
observation_samples,3,3,10421.052631578947,0,0,0.0
observation_samples,3,3,11184.21052631579,0,0,0.0
observation_samples,3,3,11947.368421052632,0,0,0.0
observation_samples,3,3,12710.526315789473,0,0,0.0
observation_samples,3,3,13473.684210526315,0,0,0.0
observation_samples,3,3,14236.842105263157,0,0,0.0
observation_samples,3,3,15000.0,0,0,0.0
observation_samples,4,0,500.0,27363,22523,0.27874310041830647
observation_samples,4,0,1263.157894736842,28131,23575,0.29176258013415507
observation_samples,4,0,2026.3157894736842,28862,24315,0.3009207692878889
observation_samples,4,0,2789.4736842105262,28465,22600,0.27969604712754637
observation_samples,4,0,3552.6315789473683,22221,16224,0.20078710922996956
observation_samples,4,0,4315.78947368421,18071,13501,0.16708744833048686
observation_samples,4,0,5078.9473684210525,16178,11804,0.14608549293334325
observation_samples,4,0,5842.105263157895,12781,9051,0.11201455409519566
observation_samples,4,0,6605.263157894737,7997,5011,0.062015791688324544
observation_samples,4,0,7368.421052631578,2453,904,0.011187841885101853
observation_samples,4,0,8131.578947368421,172,29,0.00035890200737605504
observation_samples,4,0,8894.736842105263,10,0,0.0
observation_samples,4,0,9657.894736842105,0,0,0.0
observation_samples,4,0,10421.052631578947,0,0,0.0
observation_samples,4,0,11184.21052631579,0,0,0.0
observation_samples,4,0,11947.368421052632,0,0,0.0
observation_samples,4,0,12710.526315789473,0,0,0.0
observation_samples,4,0,13473.684210526315,0,0,0.0
observation_samples,4,0,14236.842105263157,0,0,0.0
observation_samples,4,0,15000.0,0,0,0.0
observation_samples,4,1,500.0,27504,22930,0.28378010445286006
observation_samples,4,1,1263.157894736842,28288,23954,0.29645305809262146
observation_samples,4,1,2026.3157894736842,28946,24702,0.3057102546966659
observation_samples,4,1,2789.4736842105262,28425,23017,0.28485681047498823
observation_samples,4,1,3552.6315789473683,22028,16673,0.206343902378654
observation_samples,4,1,4315.78947368421,18027,14042,0.17378282715774362
observation_samples,4,1,5078.9473684210525,16379,12413,0.1536224350882404
observation_samples,4,1,5842.105263157895,12949,9492,0.11747233979356947
observation_samples,4,1,6605.263157894737,8099,5207,0.06444147422093513
observation_samples,4,1,7368.421052631578,2481,1022,0.012648201777183734
observation_samples,4,1,8131.578947368421,161,29,0.00035890200737605504
observation_samples,4,1,8894.736842105263,7,0,0.0
observation_samples,4,1,9657.894736842105,0,0,0.0
observation_samples,4,1,10421.052631578947,0,0,0.0
observation_samples,4,1,11184.21052631579,0,0,0.0
observation_samples,4,1,11947.368421052632,0,0,0.0
observation_samples,4,1,12710.526315789473,0,0,0.0
observation_samples,4,1,13473.684210526315,0,0,0.0
observation_samples,4,1,14236.842105263157,0,0,0.0
observation_samples,4,1,15000.0,0,0,0.0
observation_samples,4,2,500.0,27610,23271,0.2880002970223509
observation_samples,4,2,1263.157894736842,28363,24211,0.29963367243385064
observation_samples,4,2,2026.3157894736842,28945,24885,0.30797505012252174
observation_samples,4,2,2789.4736842105262,28420,23223,0.2874062523204871
observation_samples,4,2,3552.6315789473683,22117,16929,0.20951214078859434
observation_samples,4,2,4315.78947368421,18206,14421,0.17847330511620998
observation_samples,4,2,5078.9473684210525,16636,12920,0.15989703225167695
observation_samples,4,2,5842.105263157895,13257,9855,0.12196480285141457
observation_samples,4,2,6605.263157894737,8259,5415,0.06701566792901166
observation_samples,4,2,7368.421052631578,2517,1035,0.012809088883938516
observation_samples,4,2,8131.578947368421,182,28,0.00034652607608722555
observation_samples,4,2,8894.736842105263,24,0,0.0
observation_samples,4,2,9657.894736842105,8,0,0.0
observation_samples,4,2,10421.052631578947,0,0,0.0
observation_samples,4,2,11184.21052631579,0,0,0.0
observation_samples,4,2,11947.368421052632,0,0,0.0
observation_samples,4,2,12710.526315789473,0,0,0.0
observation_samples,4,2,13473.684210526315,0,0,0.0
observation_samples,4,2,14236.842105263157,0,0,0.0
observation_samples,4,2,15000.0,0,0,0.0
observation_samples,5,0,500.0,27820,22189,0.27460953936783744
observation_samples,5,0,1263.157894736842,28554,23240,0.2876166431523972
observation_samples,5,0,2026.3157894736842,29212,23947,0.2963664265735997
observation_samples,5,0,2789.4736842105262,28789,22114,0.2736813445211752
observation_samples,5,0,3552.6315789473683,22668,15805,0.19560159401995
observation_samples,5,0,4315.78947368421,18463,13169,0.16297863914259547
observation_samples,5,0,5078.9473684210525,16661,11520,0.14257072844731566
observation_samples,5,0,5842.105263157895,13191,8835,0.1093413529368085
observation_samples,5,0,6605.263157894737,8316,4805,0.05946634984282567
observation_samples,5,0,7368.421052631578,2595,824,0.010197767381995496
observation_samples,5,0,8131.578947368421,192,26,0.0003217742135095666
observation_samples,5,0,8894.736842105263,10,0,0.0
observation_samples,5,0,9657.894736842105,0,0,0.0
observation_samples,5,0,10421.052631578947,0,0,0.0
observation_samples,5,0,11184.21052631579,0,0,0.0
observation_samples,5,0,11947.368421052632,0,0,0.0
observation_samples,5,0,12710.526315789473,0,0,0.0
observation_samples,5,0,13473.684210526315,0,0,0.0
observation_samples,5,0,14236.842105263157,0,0,0.0
observation_samples,5,0,15000.0,0,0,0.0
observation_samples,5,1,500.0,27943,22615,0.2798816860968788
observation_samples,5,1,1263.157894736842,28694,23610,0.2921957377292641
observation_samples,5,1,2026.3157894736842,29274,24327,0.30106928046335485
observation_samples,5,1,2789.4736842105262,28792,22502,0.27848320586124103
observation_samples,5,1,3552.6315789473683,22565,16248,0.20108413158090147
observation_samples,5,1,4315.78947368421,18485,13767,0.1703794460533155
observation_samples,5,1,5078.9473684210525,16867,12169,0.150602707853766
observation_samples,5,1,5842.105263157895,13432,9268,0.11470013118487166
observation_samples,5,1,6605.263157894737,8393,5037,0.06233756590183411
observation_samples,5,1,7368.421052631578,2637,918,0.011361104923145467
observation_samples,5,1,8131.578947368421,198,23,0.00028464641964307815
observation_samples,5,1,8894.736842105263,25,0,0.0
observation_samples,5,1,9657.894736842105,8,0,0.0
observation_samples,5,1,10421.052631578947,0,0,0.0
observation_samples,5,1,11184.21052631579,0,0,0.0
observation_samples,5,1,11947.368421052632,0,0,0.0
observation_samples,5,1,12710.526315789473,0,0,0.0
observation_samples,5,1,13473.684210526315,0,0,0.0
observation_samples,5,1,14236.842105263157,0,0,0.0
observation_samples,5,1,15000.0,0,0,0.0
observation_any,3,0,500.0,25425,22163,0.5485755303086557
observation_any,3,0,1263.157894736842,25945,23024,0.5698868839880201
observation_any,3,0,2026.3157894736842,26381,23616,0.5845399866339942
observation_any,3,0,2789.4736842105262,25866,21963,0.5436251577931239
observation_any,3,0,3552.6315789473683,19531,15321,0.3792232865523131
observation_any,3,0,4315.78947368421,15467,12370,0.30618054008564144
observation_any,3,0,5078.9473684210525,13506,10666,0.26400336625331056
observation_any,3,0,5842.105263157895,10775,8461,0.20942550926957254
observation_any,3,0,6605.263157894737,7209,5165,0.1278433702136086
observation_any,3,0,7368.421052631578,2190,1024,0.025345907279522784
observation_any,3,0,8131.578947368421,146,37,0.0009158189153733818
observation_any,3,0,8894.736842105263,9,0,0.0
observation_any,3,0,9657.894736842105,0,0,0.0
observation_any,3,0,10421.052631578947,0,0,0.0
observation_any,3,0,11184.21052631579,0,0,0.0
observation_any,3,0,11947.368421052632,0,0,0.0
observation_any,3,0,12710.526315789473,0,0,0.0
observation_any,3,0,13473.684210526315,0,0,0.0
observation_any,3,0,14236.842105263157,0,0,0.0
observation_any,3,0,15000.0,0,0,0.0
observation_any,3,1,500.0,25550,22481,0.5564466226083513
observation_any,3,1,1263.157894736842,26089,23295,0.5765946387465657
observation_any,3,1,2026.3157894736842,26517,23874,0.5909259671790302
observation_any,3,1,2789.4736842105262,25986,22216,0.5498873790252716
observation_any,3,1,3552.6315789473683,19436,15639,0.3870943788520086
observation_any,3,1,4315.78947368421,15469,12838,0.31776441177198583
observation_any,3,1,5078.9473684210525,13746,11168,0.27642880126729535
observation_any,3,1,5842.105263157895,10939,8783,0.21739560901957872
observation_any,3,1,6605.263157894737,7259,5368,0.13286799831687335
observation_any,3,1,7368.421052631578,2193,1146,0.02836563451399718
observation_any,3,1,8131.578947368421,138,36,0.0008910670527957229
observation_any,3,1,8894.736842105263,7,0,0.0
observation_any,3,1,9657.894736842105,0,0,0.0
observation_any,3,1,10421.052631578947,0,0,0.0
observation_any,3,1,11184.21052631579,0,0,0.0
observation_any,3,1,11947.368421052632,0,0,0.0
observation_any,3,1,12710.526315789473,0,0,0.0
observation_any,3,1,13473.684210526315,0,0,0.0
observation_any,3,1,14236.842105263157,0,0,0.0
observation_any,3,1,15000.0,0,0,0.0
observation_any,3,2,500.0,25550,22668,0.5610752209103735
observation_any,3,2,1263.157894736842,26080,23459,0.5806539442093017
observation_any,3,2,2026.3157894736842,26499,23922,0.5921140565827578
observation_any,3,2,2789.4736842105262,25896,22314,0.5523130615578822
observation_any,3,2,3552.6315789473683,19386,15750,0.38984183559812874
observation_any,3,2,4315.78947368421,15571,13040,0.32276428801267293
observation_any,3,2,5078.9473684210525,13977,11540,0.2856364941461845
observation_any,3,2,5842.105263157895,11175,9036,0.22365783025172645
observation_any,3,2,6605.263157894737,7433,5473,0.13546694388752753
observation_any,3,2,7368.421052631578,2256,1144,0.028316130788841862
observation_any,3,2,8131.578947368421,143,38,0.0009405707779510408
observation_any,3,2,8894.736842105263,2,0,0.0
observation_any,3,2,9657.894736842105,0,0,0.0
observation_any,3,2,10421.052631578947,0,0,0.0
observation_any,3,2,11184.21052631579,0,0,0.0
observation_any,3,2,11947.368421052632,0,0,0.0
observation_any,3,2,12710.526315789473,0,0,0.0
observation_any,3,2,13473.684210526315,0,0,0.0
observation_any,3,2,14236.842105263157,0,0,0.0
observation_any,3,2,15000.0,0,0,0.0
observation_any,3,3,500.0,25569,22927,0.5674859533179871
observation_any,3,3,1263.157894736842,26109,23670,0.5858765872131878
observation_any,3,3,2026.3157894736842,26462,24060,0.5955298136184748
observation_any,3,3,2789.4736842105262,25856,22508,0.5571149228979481
observation_any,3,3,3552.6315789473683,19451,16045,0.39714363505853817
observation_any,3,3,4315.78947368421,15687,13359,0.33066013217494616
observation_any,3,3,5078.9473684210525,14214,11941,0.2955619910398257
observation_any,3,3,5842.105263157895,11437,9322,0.23073686294893692
observation_any,3,3,6605.263157894737,7514,5623,0.13917972327417638
observation_any,3,3,7368.421052631578,2266,1123,0.027796341674711022
observation_any,3,3,8131.578947368421,163,37,0.0009158189153733818
observation_any,3,3,8894.736842105263,24,0,0.0
observation_any,3,3,9657.894736842105,8,0,0.0
observation_any,3,3,10421.052631578947,0,0,0.0
observation_any,3,3,11184.21052631579,0,0,0.0
observation_any,3,3,11947.368421052632,0,0,0.0
observation_any,3,3,12710.526315789473,0,0,0.0
observation_any,3,3,13473.684210526315,0,0,0.0
observation_any,3,3,14236.842105263157,0,0,0.0
observation_any,3,3,15000.0,0,0,0.0
observation_any,4,0,500.0,25863,21733,0.5379322294002624
observation_any,4,0,1263.157894736842,26338,22612,0.5596891166060246
observation_any,4,0,2026.3157894736842,26804,23194,0.5740947006262221
observation_any,4,0,2789.4736842105262,26401,21377,0.5291205663226157
observation_any,4,0,3552.6315789473683,20121,14811,0.366599836637707
observation_any,4,0,4315.78947368421,15937,12029,0.29774015494665973
observation_any,4,0,5078.9473684210525,14046,10349,0.25615702581619265
observation_any,4,0,5842.105263157895,11195,8205,0.20308903244969184
observation_any,4,0,6605.263157894737,7507,4920,0.12177916388208213
observation_any,4,0,7368.421052631578,2342,913,0.022598450533402637
observation_any,4,0,8131.578947368421,172,29,0.0007178040147521101
observation_any,4,0,8894.736842105263,10,0,0.0
observation_any,4,0,9657.894736842105,0,0,0.0
observation_any,4,0,10421.052631578947,0,0,0.0
observation_any,4,0,11184.21052631579,0,0,0.0
observation_any,4,0,11947.368421052632,0,0,0.0
observation_any,4,0,12710.526315789473,0,0,0.0
observation_any,4,0,13473.684210526315,0,0,0.0
observation_any,4,0,14236.842105263157,0,0,0.0
observation_any,4,0,15000.0,0,0,0.0
observation_any,4,1,500.0,25927,22044,0.5456300586619143
observation_any,4,1,1263.157894736842,26433,22901,0.566842404890968
observation_any,4,1,2026.3157894736842,26864,23473,0.5810004702853889
observation_any,4,1,2789.4736842105262,26338,21672,0.5364223657830252
observation_any,4,1,3552.6315789473683,19917,15125,0.3743719214870919
observation_any,4,1,4315.78947368421,15880,12453,0.3082349446795871
observation_any,4,1,5078.9473684210525,14232,10846,0.2684587015172892
observation_any,4,1,5842.105263157895,11358,8523,0.21096012474938738
observation_any,4,1,6605.263157894737,7575,5107,0.12640776218410435
observation_any,4,1,7368.421052631578,2375,1029,0.02546966659241108
observation_any,4,1,8131.578947368421,161,29,0.0007178040147521101
observation_any,4,1,8894.736842105263,7,0,0.0
observation_any,4,1,9657.894736842105,0,0,0.0
observation_any,4,1,10421.052631578947,0,0,0.0
observation_any,4,1,11184.21052631579,0,0,0.0
observation_any,4,1,11947.368421052632,0,0,0.0
observation_any,4,1,12710.526315789473,0,0,0.0
observation_any,4,1,13473.684210526315,0,0,0.0
observation_any,4,1,14236.842105263157,0,0,0.0
observation_any,4,1,15000.0,0,0,0.0
observation_any,4,2,500.0,25933,22304,0.5520655429321056
observation_any,4,2,1263.157894736842,26455,23083,0.5713472438801019
observation_any,4,2,2026.3157894736842,26839,23532,0.5824608301774709
observation_any,4,2,2789.4736842105262,26318,21756,0.5385015222395485
observation_any,4,2,3552.6315789473683,19966,15285,0.37833221949951734
observation_any,4,2,4315.78947368421,16026,12736,0.3152397217890646
observation_any,4,2,5078.9473684210525,14460,11259,0.2786812207618623
observation_any,4,2,5842.105263157895,11631,8809,0.21803915744659785
observation_any,4,2,6605.263157894737,7695,5291,0.1309621048983936
observation_any,4,2,7368.421052631578,2397,1029,0.02546966659241108
observation_any,4,2,8131.578947368421,182,28,0.0006930521521744511
observation_any,4,2,8894.736842105263,24,0,0.0
observation_any,4,2,9657.894736842105,8,0,0.0
observation_any,4,2,10421.052631578947,0,0,0.0
observation_any,4,2,11184.21052631579,0,0,0.0
observation_any,4,2,11947.368421052632,0,0,0.0
observation_any,4,2,12710.526315789473,0,0,0.0
observation_any,4,2,13473.684210526315,0,0,0.0
observation_any,4,2,14236.842105263157,0,0,0.0
observation_any,4,2,15000.0,0,0,0.0
observation_any,5,0,500.0,26177,21412,0.5299868815128338
observation_any,5,0,1263.157894736842,26644,22293,0.5517932724437514
observation_any,5,0,2026.3157894736842,27099,22857,0.5657533229375511
observation_any,5,0,2789.4736842105262,26684,20914,0.5176604539491597
observation_any,5,0,3552.6315789473683,20515,14402,0.3564763248434445
observation_any,5,0,4315.78947368421,16277,11722,0.2901413331353184
observation_any,5,0,5078.9473684210525,14484,10084,0.24959778223311305
observation_any,5,0,5842.105263157895,11562,8007,0.19818816365931535
observation_any,5,0,6605.263157894737,7759,4732,0.11712581371748224
observation_any,5,0,7368.421052631578,2480,834,0.02064305338976758
observation_any,5,0,8131.578947368421,192,26,0.0006435484270191332
observation_any,5,0,8894.736842105263,10,0,0.0
observation_any,5,0,9657.894736842105,0,0,0.0
observation_any,5,0,10421.052631578947,0,0,0.0
observation_any,5,0,11184.21052631579,0,0,0.0
observation_any,5,0,11947.368421052632,0,0,0.0
observation_any,5,0,12710.526315789473,0,0,0.0
observation_any,5,0,13473.684210526315,0,0,0.0
observation_any,5,0,14236.842105263157,0,0,0.0
observation_any,5,0,15000.0,0,0,0.0
observation_any,5,1,500.0,26232,21752,0.5384025147892378
observation_any,5,1,1263.157894736842,26744,22586,0.5590455681790055
observation_any,5,1,2026.3157894736842,27144,23126,0.5724115739709413
observation_any,5,1,2789.4736842105262,26678,21182,0.5242939531199723
observation_any,5,1,3552.6315789473683,20406,14715,0.36422365783025173
observation_any,5,1,4315.78947368421,16285,12186,0.3016261973713522
observation_any,5,1,5078.9473684210525,14668,10612,0.26266676567411695
observation_any,5,1,5842.105263157895,11776,8337,0.20635627830994283
observation_any,5,1,6605.263157894737,7798,4963,0.12284349397292146
observation_any,5,1,7368.421052631578,2503,929,0.02299448033464518
observation_any,5,1,8131.578947368421,198,23,0.0005692928392861563
observation_any,5,1,8894.736842105263,25,0,0.0
observation_any,5,1,9657.894736842105,8,0,0.0
observation_any,5,1,10421.052631578947,0,0,0.0
observation_any,5,1,11184.21052631579,0,0,0.0
observation_any,5,1,11947.368421052632,0,0,0.0
observation_any,5,1,12710.526315789473,0,0,0.0
observation_any,5,1,13473.684210526315,0,0,0.0
observation_any,5,1,14236.842105263157,0,0,0.0
observation_any,5,1,15000.0,0,0,0.0
observation_dual,3,0,500.0,1351,848,0.020989579465854804
observation_dual,3,0,1263.157894736842,1603,1032,0.025543922180144056
observation_dual,3,0,2026.3157894736842,1884,1235,0.030568550283408828
observation_dual,3,0,2789.4736842105262,1930,1340,0.03316749585406302
observation_dual,3,0,3552.6315789473683,2009,1485,0.03675651592782357
observation_dual,3,0,4315.78947368421,2054,1538,0.038068364644439495
observation_dual,3,0,5078.9473684210525,2060,1528,0.0378208460186629
observation_dual,3,0,5842.105263157895,1516,937,0.023192495235266453
observation_dual,3,0,6605.263157894737,394,158,0.003910794287270117
observation_dual,3,0,7368.421052631578,83,16,0.0003960298012425435
observation_dual,3,0,8131.578947368421,0,0,0.0
observation_dual,3,0,8894.736842105263,0,0,0.0
observation_dual,3,0,9657.894736842105,0,0,0.0
observation_dual,3,0,10421.052631578947,0,0,0.0
observation_dual,3,0,11184.21052631579,0,0,0.0
observation_dual,3,0,11947.368421052632,0,0,0.0
observation_dual,3,0,12710.526315789473,0,0,0.0
observation_dual,3,0,13473.684210526315,0,0,0.0
observation_dual,3,0,14236.842105263157,0,0,0.0
observation_dual,3,0,15000.0,0,0,0.0
observation_dual,3,1,500.0,1389,927,0.022944976609489864
observation_dual,3,1,1263.157894736842,1667,1112,0.027524071186356774
observation_dual,3,1,2026.3157894736842,1975,1315,0.03254869928962154
observation_dual,3,1,2789.4736842105262,1999,1409,0.03487537437192149
observation_dual,3,1,3552.6315789473683,2018,1574,0.03895943169723522
observation_dual,3,1,4315.78947368421,2062,1633,0.0404197915893171
observation_dual,3,1,5078.9473684210525,2062,1603,0.03967723571198733
observation_dual,3,1,5842.105263157895,1517,1007,0.024925125615702582
observation_dual,3,1,6605.263157894737,421,147,0.0036385237989158686
observation_dual,3,1,7368.421052631578,88,13,0.0003217742135095666
observation_dual,3,1,8131.578947368421,0,0,0.0
observation_dual,3,1,8894.736842105263,0,0,0.0
observation_dual,3,1,9657.894736842105,0,0,0.0
observation_dual,3,1,10421.052631578947,0,0,0.0
observation_dual,3,1,11184.21052631579,0,0,0.0
observation_dual,3,1,11947.368421052632,0,0,0.0
observation_dual,3,1,12710.526315789473,0,0,0.0
observation_dual,3,1,13473.684210526315,0,0,0.0
observation_dual,3,1,14236.842105263157,0,0,0.0
observation_dual,3,1,15000.0,0,0,0.0
observation_dual,3,2,500.0,1490,1019,0.025222147966634488
observation_dual,3,2,1263.157894736842,1781,1199,0.029677483230613103
observation_dual,3,2,2026.3157894736842,2035,1414,0.03499913368480978
observation_dual,3,2,2789.4736842105262,2051,1506,0.03727630504195441
observation_dual,3,2,3552.6315789473683,2081,1670,0.04133561050469048
observation_dual,3,2,4315.78947368421,2103,1701,0.04210291824459791
observation_dual,3,2,5078.9473684210525,2094,1689,0.041805895893666
observation_dual,3,2,5842.105263157895,1530,1092,0.027029033934803593
observation_dual,3,2,6605.263157894737,448,171,0.004232568500779683
observation_dual,3,2,7368.421052631578,86,20,0.0004950372515531794
observation_dual,3,2,8131.578947368421,0,0,0.0
observation_dual,3,2,8894.736842105263,0,0,0.0
observation_dual,3,2,9657.894736842105,0,0,0.0
observation_dual,3,2,10421.052631578947,0,0,0.0
observation_dual,3,2,11184.21052631579,0,0,0.0
observation_dual,3,2,11947.368421052632,0,0,0.0
observation_dual,3,2,12710.526315789473,0,0,0.0
observation_dual,3,2,13473.684210526315,0,0,0.0
observation_dual,3,2,14236.842105263157,0,0,0.0
observation_dual,3,2,15000.0,0,0,0.0
observation_dual,3,3,500.0,1624,1083,0.026806267171604663
observation_dual,3,3,1263.157894736842,1871,1303,0.03225167693868964
observation_dual,3,3,2026.3157894736842,2061,1592,0.03940496522363308
observation_dual,3,3,2789.4736842105262,2068,1673,0.041409866092423454
observation_dual,3,3,3552.6315789473683,2135,1788,0.044256330288854236
observation_dual,3,3,4315.78947368421,2155,1815,0.04492463057845103
observation_dual,3,3,5078.9473684210525,2144,1788,0.044256330288854236
observation_dual,3,3,5842.105263157895,1583,1144,0.028316130788841862
observation_dual,3,3,6605.263157894737,513,196,0.004851365065221158
observation_dual,3,3,7368.421052631578,97,18,0.00044553352639786146
observation_dual,3,3,8131.578947368421,0,0,0.0
observation_dual,3,3,8894.736842105263,0,0,0.0
observation_dual,3,3,9657.894736842105,0,0,0.0
observation_dual,3,3,10421.052631578947,0,0,0.0
observation_dual,3,3,11184.21052631579,0,0,0.0
observation_dual,3,3,11947.368421052632,0,0,0.0
observation_dual,3,3,12710.526315789473,0,0,0.0
observation_dual,3,3,13473.684210526315,0,0,0.0
observation_dual,3,3,14236.842105263157,0,0,0.0
observation_dual,3,3,15000.0,0,0,0.0
observation_dual,4,0,500.0,1474,801,0.019826241924704835
observation_dual,4,0,1263.157894736842,1770,980,0.02425682532610579
observation_dual,4,0,2026.3157894736842,2048,1151,0.02848939382688547
observation_dual,4,0,2789.4736842105262,2055,1252,0.03098933194722903
observation_dual,4,0,3552.6315789473683,2090,1438,0.0355931783866736
observation_dual,4,0,4315.78947368421,2130,1494,0.0369792826910225
observation_dual,4,0,5078.9473684210525,2127,1475,0.03650899730204698
observation_dual,4,0,5842.105263157895,1583,866,0.021435112992252668
observation_dual,4,0,6605.263157894737,462,110,0.0027227048835424864
observation_dual,4,0,7368.421052631578,95,9,0.00022276676319893073
observation_dual,4,0,8131.578947368421,0,0,0.0
observation_dual,4,0,8894.736842105263,0,0,0.0
observation_dual,4,0,9657.894736842105,0,0,0.0
observation_dual,4,0,10421.052631578947,0,0,0.0
observation_dual,4,0,11184.21052631579,0,0,0.0
observation_dual,4,0,11947.368421052632,0,0,0.0
observation_dual,4,0,12710.526315789473,0,0,0.0
observation_dual,4,0,13473.684210526315,0,0,0.0
observation_dual,4,0,14236.842105263157,0,0,0.0
observation_dual,4,0,15000.0,0,0,0.0
observation_dual,4,1,500.0,1557,896,0.022177668869582435
observation_dual,4,1,1263.157894736842,1846,1063,0.026311229920051485
observation_dual,4,1,2026.3157894736842,2075,1252,0.03098933194722903
observation_dual,4,1,2789.4736842105262,2081,1364,0.03376154055592683
observation_dual,4,1,3552.6315789473683,2106,1554,0.03846439444568204
observation_dual,4,1,4315.78947368421,2145,1596,0.03950397267394371
observation_dual,4,1,5078.9473684210525,2144,1577,0.03903368728496819
observation_dual,4,1,5842.105263157895,1589,979,0.02423207346352813
observation_dual,4,1,6605.263157894737,499,126,0.00311873468478503
observation_dual,4,1,7368.421052631578,98,8,0.00019801490062127175
observation_dual,4,1,8131.578947368421,0,0,0.0
observation_dual,4,1,8894.736842105263,0,0,0.0
observation_dual,4,1,9657.894736842105,0,0,0.0
observation_dual,4,1,10421.052631578947,0,0,0.0
observation_dual,4,1,11184.21052631579,0,0,0.0
observation_dual,4,1,11947.368421052632,0,0,0.0
observation_dual,4,1,12710.526315789473,0,0,0.0
observation_dual,4,1,13473.684210526315,0,0,0.0
observation_dual,4,1,14236.842105263157,0,0,0.0
observation_dual,4,1,15000.0,0,0,0.0
observation_dual,4,2,500.0,1654,986,0.024405336501571742
observation_dual,4,2,1263.157894736842,1905,1148,0.028415138239152496
observation_dual,4,2,2026.3157894736842,2099,1375,0.03403381104428108
observation_dual,4,2,2789.4736842105262,2091,1483,0.03670701220266825
observation_dual,4,2,3552.6315789473683,2144,1651,0.04086532511571496
observation_dual,4,2,4315.78947368421,2173,1690,0.04183064775624366
observation_dual,4,2,5078.9473684210525,2166,1674,0.04143461795500111
observation_dual,4,2,5842.105263157895,1618,1053,0.026063711294274892
observation_dual,4,2,6605.263157894737,545,146,0.0036137719363382097
observation_dual,4,2,7368.421052631578,103,16,0.0003960298012425435
observation_dual,4,2,8131.578947368421,0,0,0.0
observation_dual,4,2,8894.736842105263,0,0,0.0
observation_dual,4,2,9657.894736842105,0,0,0.0
observation_dual,4,2,10421.052631578947,0,0,0.0
observation_dual,4,2,11184.21052631579,0,0,0.0
observation_dual,4,2,11947.368421052632,0,0,0.0
observation_dual,4,2,12710.526315789473,0,0,0.0
observation_dual,4,2,13473.684210526315,0,0,0.0
observation_dual,4,2,14236.842105263157,0,0,0.0
observation_dual,4,2,15000.0,0,0,0.0
observation_dual,5,0,500.0,1625,788,0.019504467711195267
observation_dual,5,0,1263.157894736842,1905,963,0.02383604366228559
observation_dual,5,0,2026.3157894736842,2109,1125,0.02784584539986634
observation_dual,5,0,2789.4736842105262,2101,1232,0.03049429469567585
observation_dual,5,0,3552.6315789473683,2148,1428,0.03534565976089701
observation_dual,5,0,4315.78947368421,2184,1470,0.036385237989158686
observation_dual,5,0,5078.9473684210525,2173,1457,0.03606346377564912
observation_dual,5,0,5842.105263157895,1626,847,0.020964827603277145
observation_dual,5,0,6605.263157894737,533,95,0.002351426944877602
observation_dual,5,0,7368.421052631578,104,6,0.00014851117546595382
observation_dual,5,0,8131.578947368421,0,0,0.0
observation_dual,5,0,8894.736842105263,0,0,0.0
observation_dual,5,0,9657.894736842105,0,0,0.0
observation_dual,5,0,10421.052631578947,0,0,0.0
observation_dual,5,0,11184.21052631579,0,0,0.0
observation_dual,5,0,11947.368421052632,0,0,0.0
observation_dual,5,0,12710.526315789473,0,0,0.0
observation_dual,5,0,13473.684210526315,0,0,0.0
observation_dual,5,0,14236.842105263157,0,0,0.0
observation_dual,5,0,15000.0,0,0,0.0
observation_dual,5,1,500.0,1689,877,0.021707383480606916
observation_dual,5,1,1263.157894736842,1944,1038,0.02569243335561001
observation_dual,5,1,2026.3157894736842,2124,1230,0.03044479097052053
observation_dual,5,1,2789.4736842105262,2110,1348,0.03336551075468429
observation_dual,5,1,3552.6315789473683,2150,1543,0.03819212395732779
observation_dual,5,1,4315.78947368421,2196,1590,0.03935546149847776
observation_dual,5,1,5078.9473684210525,2193,1568,0.038810920521769265
observation_dual,5,1,5842.105263157895,1652,944,0.023365758273310066
observation_dual,5,1,6605.263157894737,578,107,0.0026484492958095095
observation_dual,5,1,7368.421052631578,115,6,0.00014851117546595382
observation_dual,5,1,8131.578947368421,0,0,0.0
observation_dual,5,1,8894.736842105263,0,0,0.0
observation_dual,5,1,9657.894736842105,0,0,0.0
observation_dual,5,1,10421.052631578947,0,0,0.0
observation_dual,5,1,11184.21052631579,0,0,0.0
observation_dual,5,1,11947.368421052632,0,0,0.0
observation_dual,5,1,12710.526315789473,0,0,0.0
observation_dual,5,1,13473.684210526315,0,0,0.0
observation_dual,5,1,14236.842105263157,0,0,0.0
observation_dual,5,1,15000.0,0,0,0.0
current_effective,3,0,500.0,740,299,0.007400806910720032
current_effective,3,0,1263.157894736842,917,401,0.009925496893641247
current_effective,3,0,2026.3157894736842,1179,546,0.013514516967401797
current_effective,3,0,2789.4736842105262,1233,645,0.015964951362590036
current_effective,3,0,3552.6315789473683,1307,786,0.01945496398603995
current_effective,3,0,4315.78947368421,1354,842,0.020841068290388853
current_effective,3,0,5078.9473684210525,1361,832,0.020593549664612264
current_effective,3,0,5842.105263157895,1082,560,0.013861043043489023
current_effective,3,0,6605.263157894737,270,72,0.0017821341055914458
current_effective,3,0,7368.421052631578,21,2,4.950372515531794e-05
current_effective,3,0,8131.578947368421,0,0,0.0
current_effective,3,0,8894.736842105263,0,0,0.0
current_effective,3,0,9657.894736842105,0,0,0.0
current_effective,3,0,10421.052631578947,0,0,0.0
current_effective,3,0,11184.21052631579,0,0,0.0
current_effective,3,0,11947.368421052632,0,0,0.0
current_effective,3,0,12710.526315789473,0,0,0.0
current_effective,3,0,13473.684210526315,0,0,0.0
current_effective,3,0,14236.842105263157,0,0,0.0
current_effective,3,0,15000.0,0,0,0.0
current_effective,3,1,500.0,795,405,0.010024504343951883
current_effective,3,1,1263.157894736842,986,502,0.012425435013984803
current_effective,3,1,2026.3157894736842,1272,628,0.015544169698769832
current_effective,3,1,2789.4736842105262,1302,720,0.017821341055914458
current_effective,3,1,3552.6315789473683,1316,878,0.021732135343184574
current_effective,3,1,4315.78947368421,1361,936,0.023167743372688794
current_effective,3,1,5078.9473684210525,1363,907,0.022449939357936686
current_effective,3,1,5842.105263157895,1087,635,0.015717432736813444
current_effective,3,1,6605.263157894737,299,61,0.001509863617237197
current_effective,3,1,7368.421052631578,24,2,4.950372515531794e-05
current_effective,3,1,8131.578947368421,0,0,0.0
current_effective,3,1,8894.736842105263,0,0,0.0
current_effective,3,1,9657.894736842105,0,0,0.0
current_effective,3,1,10421.052631578947,0,0,0.0
current_effective,3,1,11184.21052631579,0,0,0.0
current_effective,3,1,11947.368421052632,0,0,0.0
current_effective,3,1,12710.526315789473,0,0,0.0
current_effective,3,1,13473.684210526315,0,0,0.0
current_effective,3,1,14236.842105263157,0,0,0.0
current_effective,3,1,15000.0,0,0,0.0
current_effective,3,2,500.0,913,501,0.012400683151407143
current_effective,3,2,1263.157894736842,1120,594,0.014702606371129428
current_effective,3,2,2026.3157894736842,1336,732,0.018118363406846364
current_effective,3,2,2789.4736842105262,1354,821,0.020321279176258013
current_effective,3,2,3552.6315789473683,1380,976,0.024157817875795153
current_effective,3,2,4315.78947368421,1402,1006,0.024900373753124923
current_effective,3,2,5078.9473684210525,1395,994,0.024603351402193014
current_effective,3,2,5842.105263157895,1100,721,0.017846092918492117
current_effective,3,2,6605.263157894737,325,80,0.0019801490062127175
current_effective,3,2,7368.421052631578,22,0,0.0
current_effective,3,2,8131.578947368421,0,0,0.0
current_effective,3,2,8894.736842105263,0,0,0.0
current_effective,3,2,9657.894736842105,0,0,0.0
current_effective,3,2,10421.052631578947,0,0,0.0
current_effective,3,2,11184.21052631579,0,0,0.0
current_effective,3,2,11947.368421052632,0,0,0.0
current_effective,3,2,12710.526315789473,0,0,0.0
current_effective,3,2,13473.684210526315,0,0,0.0
current_effective,3,2,14236.842105263157,0,0,0.0
current_effective,3,2,15000.0,0,0,0.0
current_effective,3,3,500.0,1036,567,0.014034306081532635
current_effective,3,3,1263.157894736842,1209,696,0.017227296354050643
current_effective,3,3,2026.3157894736842,1361,912,0.02257369867082498
current_effective,3,3,2789.4736842105262,1371,988,0.024454840226727063
current_effective,3,3,3552.6315789473683,1434,1094,0.02707853765995891
current_effective,3,3,4315.78947368421,1455,1119,0.027697334224400388
current_effective,3,3,5078.9473684210525,1445,1093,0.02705378579738125
current_effective,3,3,5842.105263157895,1147,781,0.019331204673151654
current_effective,3,3,6605.263157894737,384,106,0.0026236974332318505
current_effective,3,3,7368.421052631578,28,0,0.0
current_effective,3,3,8131.578947368421,0,0,0.0
current_effective,3,3,8894.736842105263,0,0,0.0
current_effective,3,3,9657.894736842105,0,0,0.0
current_effective,3,3,10421.052631578947,0,0,0.0
current_effective,3,3,11184.21052631579,0,0,0.0
current_effective,3,3,11947.368421052632,0,0,0.0
current_effective,3,3,12710.526315789473,0,0,0.0
current_effective,3,3,13473.684210526315,0,0,0.0
current_effective,3,3,14236.842105263157,0,0,0.0
current_effective,3,3,15000.0,0,0,0.0
current_effective,4,0,500.0,862,283,0.007004777109477488
current_effective,4,0,1263.157894736842,1083,374,0.009257196604044454
current_effective,4,0,2026.3157894736842,1343,467,0.011559119823766738
current_effective,4,0,2789.4736842105262,1358,563,0.013935298631221999
current_effective,4,0,3552.6315789473683,1388,742,0.018365882032622956
current_effective,4,0,4315.78947368421,1429,798,0.019751986336971856
current_effective,4,0,5078.9473684210525,1428,780,0.019306452810573995
current_effective,4,0,5842.105263157895,1145,506,0.012524442464295437
current_effective,4,0,6605.263157894737,333,34,0.000841563327640405
current_effective,4,0,7368.421052631578,28,1,2.475186257765897e-05
current_effective,4,0,8131.578947368421,0,0,0.0
current_effective,4,0,8894.736842105263,0,0,0.0
current_effective,4,0,9657.894736842105,0,0,0.0
current_effective,4,0,10421.052631578947,0,0,0.0
current_effective,4,0,11184.21052631579,0,0,0.0
current_effective,4,0,11947.368421052632,0,0,0.0
current_effective,4,0,12710.526315789473,0,0,0.0
current_effective,4,0,13473.684210526315,0,0,0.0
current_effective,4,0,14236.842105263157,0,0,0.0
current_effective,4,0,15000.0,0,0,0.0
current_effective,4,1,500.0,954,379,0.009380955916932748
current_effective,4,1,1263.157894736842,1165,463,0.011460112373456103
current_effective,4,1,2026.3157894736842,1372,572,0.014158065394420931
current_effective,4,1,2789.4736842105262,1384,679,0.01680651469023044
current_effective,4,1,3552.6315789473683,1404,860,0.021286601816786713
current_effective,4,1,4315.78947368421,1444,901,0.02230142818247073
current_effective,4,1,5078.9473684210525,1445,882,0.021831142793495212
current_effective,4,1,5842.105263157895,1153,613,0.015172891760104949
current_effective,4,1,6605.263157894737,375,44,0.0010890819534169946
current_effective,4,1,7368.421052631578,29,0,0.0
current_effective,4,1,8131.578947368421,0,0,0.0
current_effective,4,1,8894.736842105263,0,0,0.0
current_effective,4,1,9657.894736842105,0,0,0.0
current_effective,4,1,10421.052631578947,0,0,0.0
current_effective,4,1,11184.21052631579,0,0,0.0
current_effective,4,1,11947.368421052632,0,0,0.0
current_effective,4,1,12710.526315789473,0,0,0.0
current_effective,4,1,13473.684210526315,0,0,0.0
current_effective,4,1,14236.842105263157,0,0,0.0
current_effective,4,1,15000.0,0,0,0.0
current_effective,4,2,500.0,1062,472,0.011682879136655033
current_effective,4,2,1263.157894736842,1238,555,0.013737283730600727
current_effective,4,2,2026.3157894736842,1399,698,0.01727680007920596
current_effective,4,2,2789.4736842105262,1394,798,0.019751986336971856
current_effective,4,2,3552.6315789473683,1443,957,0.023687532486819634
current_effective,4,2,4315.78947368421,1472,995,0.024628103264770673
current_effective,4,2,5078.9473684210525,1467,979,0.02423207346352813
current_effective,4,2,5842.105263157895,1180,693,0.017153040766317667
current_effective,4,2,6605.263157894737,411,63,0.001559367342392515
current_effective,4,2,7368.421052631578,31,0,0.0
current_effective,4,2,8131.578947368421,0,0,0.0
current_effective,4,2,8894.736842105263,0,0,0.0
current_effective,4,2,9657.894736842105,0,0,0.0
current_effective,4,2,10421.052631578947,0,0,0.0
current_effective,4,2,11184.21052631579,0,0,0.0
current_effective,4,2,11947.368421052632,0,0,0.0
current_effective,4,2,12710.526315789473,0,0,0.0
current_effective,4,2,13473.684210526315,0,0,0.0
current_effective,4,2,14236.842105263157,0,0,0.0
current_effective,4,2,15000.0,0,0,0.0
current_effective,5,0,500.0,1009,275,0.006806762208856216
current_effective,5,0,1263.157894736842,1218,366,0.009059181703423182
current_effective,5,0,2026.3157894736842,1404,447,0.011064082572213559
current_effective,5,0,2789.4736842105262,1404,547,0.013539268829979455
current_effective,5,0,3552.6315789473683,1446,734,0.018167867132001685
current_effective,5,0,4315.78947368421,1483,776,0.01920744536026336
current_effective,5,0,5078.9473684210525,1474,762,0.018860919284176134
current_effective,5,0,5842.105263157895,1186,491,0.012153164525630554
current_effective,5,0,6605.263157894737,403,22,0.0005445409767084973
current_effective,5,0,7368.421052631578,33,0,0.0
current_effective,5,0,8131.578947368421,0,0,0.0
current_effective,5,0,8894.736842105263,0,0,0.0
current_effective,5,0,9657.894736842105,0,0,0.0
current_effective,5,0,10421.052631578947,0,0,0.0
current_effective,5,0,11184.21052631579,0,0,0.0
current_effective,5,0,11947.368421052632,0,0,0.0
current_effective,5,0,12710.526315789473,0,0,0.0
current_effective,5,0,13473.684210526315,0,0,0.0
current_effective,5,0,14236.842105263157,0,0,0.0
current_effective,5,0,15000.0,0,0,0.0
current_effective,5,1,500.0,1081,364,0.009009677978267865
current_effective,5,1,1263.157894736842,1262,449,0.011113586297368878
current_effective,5,1,2026.3157894736842,1420,554,0.013712531868023068
current_effective,5,1,2789.4736842105262,1413,663,0.016410484888987897
current_effective,5,1,3552.6315789473683,1448,849,0.021014331328432466
current_effective,5,1,4315.78947368421,1495,895,0.022152917007004776
current_effective,5,1,5078.9473684210525,1494,873,0.02160837603029628
current_effective,5,1,5842.105263157895,1210,589,0.014578847058241133
current_effective,5,1,6605.263157894737,443,33,0.000816811465062746
current_effective,5,1,7368.421052631578,38,0,0.0
current_effective,5,1,8131.578947368421,0,0,0.0
current_effective,5,1,8894.736842105263,0,0,0.0
current_effective,5,1,9657.894736842105,0,0,0.0
current_effective,5,1,10421.052631578947,0,0,0.0
current_effective,5,1,11184.21052631579,0,0,0.0
current_effective,5,1,11947.368421052632,0,0,0.0
current_effective,5,1,12710.526315789473,0,0,0.0
current_effective,5,1,13473.684210526315,0,0,0.0
current_effective,5,1,14236.842105263157,0,0,0.0
current_effective,5,1,15000.0,0,0,0.0
baseline_finite,3,0,500.0,40401,268,0.006633499170812604
baseline_finite,3,0,1263.157894736842,40401,371,0.009182941016311478
baseline_finite,3,0,2026.3157894736842,40401,514,0.01272245736491671
baseline_finite,3,0,2789.4736842105262,40401,571,0.01413331353184327
baseline_finite,3,0,3552.6315789473683,40401,676,0.01673225910249746
baseline_finite,3,0,4315.78947368421,40401,747,0.01848964134551125
baseline_finite,3,0,5078.9473684210525,40401,748,0.018514393208088908
baseline_finite,3,0,5842.105263157895,40401,594,0.014702606371129428
baseline_finite,3,0,6605.263157894737,40401,152,0.003762283111804163
baseline_finite,3,0,7368.421052631578,40401,4,9.900745031063588e-05
baseline_finite,3,0,8131.578947368421,40401,0,0.0
baseline_finite,3,0,8894.736842105263,40401,0,0.0
baseline_finite,3,0,9657.894736842105,40401,0,0.0
baseline_finite,3,0,10421.052631578947,40401,0,0.0
baseline_finite,3,0,11184.21052631579,40401,0,0.0
baseline_finite,3,0,11947.368421052632,40401,0,0.0
baseline_finite,3,0,12710.526315789473,40401,0,0.0
baseline_finite,3,0,13473.684210526315,40401,0,0.0
baseline_finite,3,0,14236.842105263157,40401,0,0.0
baseline_finite,3,0,15000.0,40401,0,0.0
baseline_finite,3,1,500.0,40401,40401,1.0
baseline_finite,3,1,1263.157894736842,40401,40401,1.0
baseline_finite,3,1,2026.3157894736842,40401,40401,1.0
baseline_finite,3,1,2789.4736842105262,40401,40401,1.0
baseline_finite,3,1,3552.6315789473683,40401,40401,1.0
baseline_finite,3,1,4315.78947368421,40401,40401,1.0
baseline_finite,3,1,5078.9473684210525,40401,40401,1.0
baseline_finite,3,1,5842.105263157895,40401,40401,1.0
baseline_finite,3,1,6605.263157894737,40401,40401,1.0
baseline_finite,3,1,7368.421052631578,40401,40401,1.0
baseline_finite,3,1,8131.578947368421,40401,40401,1.0
baseline_finite,3,1,8894.736842105263,40401,40401,1.0
baseline_finite,3,1,9657.894736842105,40401,40401,1.0
baseline_finite,3,1,10421.052631578947,40401,40401,1.0
baseline_finite,3,1,11184.21052631579,40401,40401,1.0
baseline_finite,3,1,11947.368421052632,40401,40401,1.0
baseline_finite,3,1,12710.526315789473,40401,40401,1.0
baseline_finite,3,1,13473.684210526315,40401,40401,1.0
baseline_finite,3,1,14236.842105263157,40401,40401,1.0
baseline_finite,3,1,15000.0,40401,40401,1.0
baseline_finite,3,2,500.0,40401,40401,1.0
baseline_finite,3,2,1263.157894736842,40401,40401,1.0
baseline_finite,3,2,2026.3157894736842,40401,40401,1.0
baseline_finite,3,2,2789.4736842105262,40401,40401,1.0
baseline_finite,3,2,3552.6315789473683,40401,40401,1.0
baseline_finite,3,2,4315.78947368421,40401,40401,1.0
baseline_finite,3,2,5078.9473684210525,40401,40401,1.0
baseline_finite,3,2,5842.105263157895,40401,40401,1.0
baseline_finite,3,2,6605.263157894737,40401,40401,1.0
baseline_finite,3,2,7368.421052631578,40401,40401,1.0
baseline_finite,3,2,8131.578947368421,40401,40401,1.0
baseline_finite,3,2,8894.736842105263,40401,40401,1.0
baseline_finite,3,2,9657.894736842105,40401,40401,1.0
baseline_finite,3,2,10421.052631578947,40401,40401,1.0
baseline_finite,3,2,11184.21052631579,40401,40401,1.0
baseline_finite,3,2,11947.368421052632,40401,40401,1.0
baseline_finite,3,2,12710.526315789473,40401,40401,1.0
baseline_finite,3,2,13473.684210526315,40401,40401,1.0
baseline_finite,3,2,14236.842105263157,40401,40401,1.0
baseline_finite,3,2,15000.0,40401,40401,1.0
baseline_finite,3,3,500.0,40401,40401,1.0
baseline_finite,3,3,1263.157894736842,40401,40401,1.0
baseline_finite,3,3,2026.3157894736842,40401,40401,1.0
baseline_finite,3,3,2789.4736842105262,40401,40401,1.0
baseline_finite,3,3,3552.6315789473683,40401,40401,1.0
baseline_finite,3,3,4315.78947368421,40401,40401,1.0
baseline_finite,3,3,5078.9473684210525,40401,40401,1.0
baseline_finite,3,3,5842.105263157895,40401,40401,1.0
baseline_finite,3,3,6605.263157894737,40401,40401,1.0
baseline_finite,3,3,7368.421052631578,40401,40401,1.0
baseline_finite,3,3,8131.578947368421,40401,40401,1.0
baseline_finite,3,3,8894.736842105263,40401,40401,1.0
baseline_finite,3,3,9657.894736842105,40401,40401,1.0
baseline_finite,3,3,10421.052631578947,40401,40401,1.0
baseline_finite,3,3,11184.21052631579,40401,40401,1.0
baseline_finite,3,3,11947.368421052632,40401,40401,1.0
baseline_finite,3,3,12710.526315789473,40401,40401,1.0
baseline_finite,3,3,13473.684210526315,40401,40401,1.0
baseline_finite,3,3,14236.842105263157,40401,40401,1.0
baseline_finite,3,3,15000.0,40401,40401,1.0
baseline_finite,4,0,500.0,40401,268,0.006633499170812604
baseline_finite,4,0,1263.157894736842,40401,371,0.009182941016311478
baseline_finite,4,0,2026.3157894736842,40401,514,0.01272245736491671
baseline_finite,4,0,2789.4736842105262,40401,571,0.01413331353184327
baseline_finite,4,0,3552.6315789473683,40401,676,0.01673225910249746
baseline_finite,4,0,4315.78947368421,40401,747,0.01848964134551125
baseline_finite,4,0,5078.9473684210525,40401,748,0.018514393208088908
baseline_finite,4,0,5842.105263157895,40401,594,0.014702606371129428
baseline_finite,4,0,6605.263157894737,40401,152,0.003762283111804163
baseline_finite,4,0,7368.421052631578,40401,4,9.900745031063588e-05
baseline_finite,4,0,8131.578947368421,40401,0,0.0
baseline_finite,4,0,8894.736842105263,40401,0,0.0
baseline_finite,4,0,9657.894736842105,40401,0,0.0
baseline_finite,4,0,10421.052631578947,40401,0,0.0
baseline_finite,4,0,11184.21052631579,40401,0,0.0
baseline_finite,4,0,11947.368421052632,40401,0,0.0
baseline_finite,4,0,12710.526315789473,40401,0,0.0
baseline_finite,4,0,13473.684210526315,40401,0,0.0
baseline_finite,4,0,14236.842105263157,40401,0,0.0
baseline_finite,4,0,15000.0,40401,0,0.0
baseline_finite,4,1,500.0,40401,40401,1.0
baseline_finite,4,1,1263.157894736842,40401,40401,1.0
baseline_finite,4,1,2026.3157894736842,40401,40401,1.0
baseline_finite,4,1,2789.4736842105262,40401,40401,1.0
baseline_finite,4,1,3552.6315789473683,40401,40401,1.0
baseline_finite,4,1,4315.78947368421,40401,40401,1.0
baseline_finite,4,1,5078.9473684210525,40401,40401,1.0
baseline_finite,4,1,5842.105263157895,40401,40401,1.0
baseline_finite,4,1,6605.263157894737,40401,40401,1.0
baseline_finite,4,1,7368.421052631578,40401,40401,1.0
baseline_finite,4,1,8131.578947368421,40401,40401,1.0
baseline_finite,4,1,8894.736842105263,40401,40401,1.0
baseline_finite,4,1,9657.894736842105,40401,40401,1.0
baseline_finite,4,1,10421.052631578947,40401,40401,1.0
baseline_finite,4,1,11184.21052631579,40401,40401,1.0
baseline_finite,4,1,11947.368421052632,40401,40401,1.0
baseline_finite,4,1,12710.526315789473,40401,40401,1.0
baseline_finite,4,1,13473.684210526315,40401,40401,1.0
baseline_finite,4,1,14236.842105263157,40401,40401,1.0
baseline_finite,4,1,15000.0,40401,40401,1.0
baseline_finite,4,2,500.0,40401,40401,1.0
baseline_finite,4,2,1263.157894736842,40401,40401,1.0
baseline_finite,4,2,2026.3157894736842,40401,40401,1.0
baseline_finite,4,2,2789.4736842105262,40401,40401,1.0
baseline_finite,4,2,3552.6315789473683,40401,40401,1.0
baseline_finite,4,2,4315.78947368421,40401,40401,1.0
baseline_finite,4,2,5078.9473684210525,40401,40401,1.0
baseline_finite,4,2,5842.105263157895,40401,40401,1.0
baseline_finite,4,2,6605.263157894737,40401,40401,1.0
baseline_finite,4,2,7368.421052631578,40401,40401,1.0
baseline_finite,4,2,8131.578947368421,40401,40401,1.0
baseline_finite,4,2,8894.736842105263,40401,40401,1.0
baseline_finite,4,2,9657.894736842105,40401,40401,1.0
baseline_finite,4,2,10421.052631578947,40401,40401,1.0
baseline_finite,4,2,11184.21052631579,40401,40401,1.0
baseline_finite,4,2,11947.368421052632,40401,40401,1.0
baseline_finite,4,2,12710.526315789473,40401,40401,1.0
baseline_finite,4,2,13473.684210526315,40401,40401,1.0
baseline_finite,4,2,14236.842105263157,40401,40401,1.0
baseline_finite,4,2,15000.0,40401,40401,1.0
baseline_finite,5,0,500.0,40401,268,0.006633499170812604
baseline_finite,5,0,1263.157894736842,40401,371,0.009182941016311478
baseline_finite,5,0,2026.3157894736842,40401,514,0.01272245736491671
baseline_finite,5,0,2789.4736842105262,40401,571,0.01413331353184327
baseline_finite,5,0,3552.6315789473683,40401,676,0.01673225910249746
baseline_finite,5,0,4315.78947368421,40401,747,0.01848964134551125
baseline_finite,5,0,5078.9473684210525,40401,748,0.018514393208088908
baseline_finite,5,0,5842.105263157895,40401,594,0.014702606371129428
baseline_finite,5,0,6605.263157894737,40401,152,0.003762283111804163
baseline_finite,5,0,7368.421052631578,40401,4,9.900745031063588e-05
baseline_finite,5,0,8131.578947368421,40401,0,0.0
baseline_finite,5,0,8894.736842105263,40401,0,0.0
baseline_finite,5,0,9657.894736842105,40401,0,0.0
baseline_finite,5,0,10421.052631578947,40401,0,0.0
baseline_finite,5,0,11184.21052631579,40401,0,0.0
baseline_finite,5,0,11947.368421052632,40401,0,0.0
baseline_finite,5,0,12710.526315789473,40401,0,0.0
baseline_finite,5,0,13473.684210526315,40401,0,0.0
baseline_finite,5,0,14236.842105263157,40401,0,0.0
baseline_finite,5,0,15000.0,40401,0,0.0
baseline_finite,5,1,500.0,40401,40401,1.0
baseline_finite,5,1,1263.157894736842,40401,40401,1.0
baseline_finite,5,1,2026.3157894736842,40401,40401,1.0
baseline_finite,5,1,2789.4736842105262,40401,40401,1.0
baseline_finite,5,1,3552.6315789473683,40401,40401,1.0
baseline_finite,5,1,4315.78947368421,40401,40401,1.0
baseline_finite,5,1,5078.9473684210525,40401,40401,1.0
baseline_finite,5,1,5842.105263157895,40401,40401,1.0
baseline_finite,5,1,6605.263157894737,40401,40401,1.0
baseline_finite,5,1,7368.421052631578,40401,40401,1.0
baseline_finite,5,1,8131.578947368421,40401,40401,1.0
baseline_finite,5,1,8894.736842105263,40401,40401,1.0
baseline_finite,5,1,9657.894736842105,40401,40401,1.0
baseline_finite,5,1,10421.052631578947,40401,40401,1.0
baseline_finite,5,1,11184.21052631579,40401,40401,1.0
baseline_finite,5,1,11947.368421052632,40401,40401,1.0
baseline_finite,5,1,12710.526315789473,40401,40401,1.0
baseline_finite,5,1,13473.684210526315,40401,40401,1.0
baseline_finite,5,1,14236.842105263157,40401,40401,1.0
baseline_finite,5,1,15000.0,40401,40401,1.0
